IDRegistro,PuntoMuestreo,Latitud,Longitud,CCAA,Provincia,Responsable,UTM10_Asignada,UTM10_Grabadora,Estacion_NOCTUA,Procesar,Grabadora-Serie,Grabadora-ID,ID_Formulario,Propietario,Marca,Modelo,FechaInstalacion,HoraInstalacion,FechaRetirada,HoraRetirada,FechaInicioGrabacionMuestreo,HoraInicioGrabacionMuestreo,FechaFinGrabacionMuestreo,HoraFinGrabacionMuestreo,Dias_Grabados_Campo,TamanoMB_Carpeta,FechaInicioGrabacion,HoraInicioGrabacion,FechaFinGrabacion,HoraFinGrabacion,DiasActividad,Column1,Habitat,Microhabitat,HabitatGeneral,HabitatTipo,HabitatGenTipo,HabitatDetalle,HabitatMatorral,Altura,Observaciones_despliegue,Baterias,Tarjeta-Marca,Tarjeta-Capacidad,Tarjeta-Modelo,ProcedenciaTarjeta,Sample rate,Gain,Sleep duration,Recording duration,Sunset_interval_before,Sunset_interval_after,Filter,Enable_LED,Enable_battery_level_indicator,Use_daily_folder,Firmware,Test_audio_fecha,Test_audio_metodo-1,Membrana,Carcasa,Velcro,Posición de la placa,Observaciones_estado,_1
110,Morales_066,37.9330069,-4.807344,Andalucía,Córdoba,Víctor Gutiérrez Castro,UG49,,Estación 2,No,2453AC0463B3E6F4,IP_066,119,SEO,Audiomoth,v.1.2.0,07/03/25,,03/07/25,,07/03/25,18:15:00,02/07/25,22:42:00,117,26910,23/02/25,18:05:00,02/07/25,22:42:00,129,29670,"A14, 02, 02",En una rama principal de una encina (Quercus ilex),A,14,A14,2,2,4,,DURACELL PLUS,SanDisk,64GB,Extreme,China,32,Med,02:00:00,01:00:00,60,120,None,X,X,Sí,01/11/00,,,Si,Si,Si,,,
111,Ifapa_069,37.8605608,-4.8027008,Andalucía,Córdoba,Víctor Gutiérrez Castro,UG49,,Estación 4,No,243EBE0164D6813C,IP_069,120,SEO,Audiomoth,v.1.2.0,07/03/25,,03/07/25,,07/03/25,18:15:00,02/07/25,22:42:00,117,26910,23/02/25,18:05:00,02/07/25,22:42:00,129,29670,E50,Ramas secundarias de Tetraclinis articulata,E,50,E50,-99,-99,3,,DURACELL PLUS,SanDisk,64GB,Extreme,China,32,Med,02:00:00,01:00:00,60,120,None,X,X,Sí,01/11/00,,,No,Si,Si,,,
112,Reventon_073,37.9136432,-4.8207614,Andalucía,Córdoba,Víctor Gutiérrez Castro,UG49,,Estación 3,No,247AA50864D66A19,IP_073,121,SEO,Audiomoth,v.1.2.0,07/03/25,,03/07/25,,07/03/25,18:15:00,02/07/25,22:42:00,117,26910,23/02/25,18:05:00,02/07/25,22:42:00,129,29670,E34,En tronco de un Olivo (Olea europaea),E,34,E34,-99,-99,1.5,,DURACELL PLUS,SanDisk,64GB,Extreme,China,32,Med,02:00:00,01:00:00,60,120,None,X,X,Sí,01/11/00,,,Si,Si,Si,,,
113,Rivera_075,37.8785629,-4.7423812,Andalucía,Córdoba,Víctor Gutiérrez Castro,UG49,,Estación 5,No,2453AC0463B3E79F,IP_075,122,SEO,Audiomoth,v.1.2.0,07/03/25,,03/07/25,,07/03/25,18:15:00,02/07/25,22:42:00,117,26910,23/02/25,18:05:00,02/07/25,22:42:00,129,29670,"D29, 02, 01",En rama principal de Populus alba ,D,29,D29,2,1,4,,DURACELL PLUS,SanDisk,64GB,Extreme,China,32,Med,02:00:00,01:00:00,60,120,None,X,X,Sí,01/11/00,,,Si,Si,Si,,,
114,Naranjo_062,37.9246387,-4.7858893,Andalucía,Córdoba,Víctor Gutiérrez Castro,UG49,,Estación 1,No,247AA50864D66957,IP_062,123,SEO,Audiomoth,v.1.2.0,07/03/25,,03/07/25,,07/03/25,18:15:00,02/07/25,22:42:00,117,26910,23/02/25,18:05:00,02/07/25,22:42:00,129,29670,E34,En una rama de Quercus coccifera ,E,34,E34,-99,-99,1.5,,DURACELL PLUS,SanDisk,64GB,Extreme,China,32,Med,02:00:00,01:00:00,60,120,None,X,X,Sí,01/11/00,,,Si,Si,Si,,NO GRABA GRAVES,
28,Monachil_E2,37.111749,-3.55254,Andalucía,Granada,Mariano José Sevilla Flores,VG50,,Estación 2,Si,2403750364D66BBC,IP_089,34,SEO,Audiomoth,v.1.2.0,23/02/25,,25/06/25,,23/02/25,18:00:00,25/06/25,22:37:00,122,28060,23/02/25,18:00:00,25/06/25,22:37:00,122,28060,E3701,en un tronco de pinus Halepensis,A,3,A3,-99,1,2,,DURACELL PLUS,SanDisk,64GB,Extreme,China,32,Med,02:00:00,01:00:00,60,120,None,X,X,Sí,01/11/00,,,No,Si,Si,,,
29,Monachil_E5,37.082971,-3.523742,Andalucía,Granada,Mariano José Sevilla Flores,VG50,,Estación 5,Si,249C600363B41E02,IP_093,35,SEO,Audiomoth,v.1.2.0,23/02/25,,25/06/25,,23/02/25,18:00:00,25/06/25,23:15:00,122,28060,23/02/25,18:00:00,25/06/25,23:15:00,122,28060,B25,Tronco de ciprés ,B,25,B25,-99,-99,2,,DURACELL PLUS,SanDisk,64GB,Extreme,China,32,Med,02:00:00,01:00:00,60,120,None,X,X,Sí,01/11/00,,,No,Si,Si,,SE CAMBIA CARCASA POR LA DE IP_088 (NO GRABA GRAVES),
101,Osunillas-San Antón,36.598318,-4.622706,Andalucía,Málaga,Francisco Fernández Gómez,UF55,,Estación 1,No,249C600363B3BE39,IP_135,110,SEO,Audiomoth,v.1.2.0,07/03/25,,10/07/25,,07/03/25,18:15:00,10/07/25,22:37:00,125,28750,23/02/25,18:05:00,14/08/25,22:07:00,172,39560,B25,Pequeño talud rocoso rodeado de orla arbustivas mediterránea no carretera casas de campo a unos 100 metros distancia,B,25,B25,-99,-99,2,Perros,DURACELL PLUS,SanDisk,64GB,Extreme,China,32,Med,02:00:00,01:00:00,60,120,None,X,X,Sí,01/11/00,,,Si,Si,Si,,,
119,Sierra Mijas,36.604417,-4.673222,Andalucía,Málaga,Francisco Fernández Gómez,UF55,,Estación 2,No,2453AC0264D669F9,IP_136,128,SEO,Audiomoth,v.1.2.0,01/03/25,,20/07/25,,01/03/25,18:10:00,20/07/25,22:32:00,141,32430,23/02/25,18:05:00,14/08/25,22:07:00,172,39560,"A1, A22 , A32, A42, ",En un acebuche,A,9,A9,-99,2,1.7,Está cerca de una casa en el monte,DURACELL PLUS,SanDisk,64GB,Extreme,Malaysia,32,Med,02:00:00,01:00:00,60,120,None,X,X,Sí,01/11/00,,,Si,Si,Si,,,
91,Sevilla_noctua5,37.200833,-5.843583,Andalucía,Sevilla,Antonio Orden Cos,TG42,,Estación 5,No,24E144036486FD28,SEO_065,100,SEO,Audiomoth,v.1.2.0,27/02/25,,06/07/25,,,,,,0,0,,,,,0,0,A pinares,Grabadora fijada al tronco de un pino tapada con arbustos cercanos.,E,37,E37,1,1,3,,DURACELL PLUS,SanDisk,64GB,Extreme,Taiwan,32,Med,02:00:00,01:00:00,60,120,None,X,X,Sí,01/11/00,,,Si,Si,Si,,,Sin datos pero Virginia dice que sí los tiene.
68,CV-647 Villarroya_Punto 1,41.157194,-1.337028,Aragón,Zaragoza,Gonzalo Peña Sánchez,XL35,,Estación 1,No,243B1F0663FAA3D5,BD_06,77,BIODAIVERSE,Audiomoth,v.1.2.0,24/02/25,,03/07/25,,24/02/25,17:55:00,29/04/25,20:18:00,64,14720,23/02/25,17:45:00,29/04/25,20:18:00,65,14950,Mosaicos agropecuarios mediterráneos,"En un mojón de piedras, junto a plantas rastreras entre cultivos de cereal.",E,37,E37,1,1,0.4,Archivos de sonido hasta el día 29/04/2025. Con las intensas lluvias de todo el año ha crecido mucha vegetación justo delante del dispositivo. ,DURACELL PLUS,SanDisk,64GB,Extreme,Taiwan,32,Med,02:00:00,01:00:00,60,120,None,X,X,Sí,01/11/00,,,,,,,,
69,N-330 Mainar_Punto 2,41.176333,-1.343917,Aragón,Zaragoza,Gonzalo Peña Sánchez,XL35,,Estación 2,No,24E14403648702C9,SEO_021,78,SEO,Audiomoth,v.1.2.0,24/02/25,,03/07/25,,24/02/25,17:55:00,28/04/25,21:40:00,63,14490,23/02/25,17:45:00,28/04/25,21:40:00,64,14720,Mosaicos agropecuarios mediterráneos,En torno a un mojón de piedras entre unos rastrojos.,E,37,E37,1,1,0.55,Deja de grabar el 28/04/2025.,DURACELL PLUS,SanDisk,64GB,Extreme,Taiwan,32,Med,02:00:00,01:00:00,60,120,None,X,X,Sí,01/11/00,,,Si,Si,Si,,NO FUNCIONA,
70,Retascón_Punto 5,41.140278,-1.381194,Aragón,Zaragoza,Gonzalo Peña Sánchez,XL35,,Estación 5,No,24F319055CC5C5FF,BD_01,79,BIODAIVERSE,Audiomoth,v.1.2.0,24/02/25,,03/07/25,,24/02/25,17:45:00,25/04/25,20:55:00,60,13800,23/02/25,17:45:00,25/04/25,20:55:00,61,14030,Mosaicos agropecuarios mediterráneos,En un tronco de un pino carrasco joven,E,37,E37,2,2,2.55,Deja de grabar el 25/04/2025.,DURACELL PLUS,SanDisk,64GB,Extreme,Taiwan,32,Med,02:00:00,01:00:00,60,120,None,X,X,Sí,01/11/00,,,,,,,,
71,DarocaJiloca_3,41.124233,-1.451683,Aragón,Zaragoza,Adrián Sánchez Valencia,XL35,,Estación 3,No,24F31904648702D5,SEO_023,80,SEO,Audiomoth,v.1.2.0,23/02/25,,02/07/25,,23/02/25,17:45:00,29/04/25,21:25:00,65,14950,23/02/25,17:45:00,29/04/25,21:25:00,65,14950,E 37 01 02,Colocada en un tronco de almendro,E,37,E37,1,2,3.7,La última grabación se produce el día 28 de Abril,DURACELL PLUS,SanDisk,64GB,Extreme,Taiwan,32,Med,02:00:00,01:00:00,60,120,None,X,X,Sí,01/11/00,,,Si,Si,Si,,,
72,DarocaPinar_1,41.131706,-1.42244,Aragón,Zaragoza,Adrián Sánchez Valencia,XL35,,Estación 1,No,242A26056486FD35,SEO_010,81,SEO,Audiomoth,v.1.2.0,23/02/25,,02/07/25,,23/02/25,17:45:00,26/04/25,20:37:00,62,14260,23/02/25,17:45:00,26/04/25,20:37:00,62,14260,A 03 01,En una rama vertical de un pino.,A,3,A3,-99,1,4.5,La última grabación es del 26 de Abril,DURACELL PLUS,SanDisk,64GB,Extreme,Taiwan,32,Med,02:00:00,01:00:00,60,120,None,X,X,Sí,01/11/00,,,Si,Si,Si,,,
73,DarocaJiloca_05,41.099328,-1.427315,Aragón,Zaragoza,Adrián Sánchez Valencia,XL35,,Estación 5,No,24E1440163FAB4B0,BD_08,82,BIODAIVERSE,Audiomoth,v.1.2.0,23/02/25,,02/07/25,,23/02/25,17:45:00,29/04/25,20:16:00,65,14950,23/02/25,17:45:00,29/04/25,20:16:00,65,14950,E 37 01 02,En el tronco de un almendro,E,37,E37,1,2,4,Última grabación el 29 de Abril,DURACELL PLUS,SanDisk,64GB,Extreme,Taiwan,32,Med,02:00:00,01:00:00,60,120,None,X,X,Sí,01/11/00,,,,,,,,
96,Llanera_Castiello,43.423946,-5.913652,Principado de Asturias,Asturias,M. José Herrero Martín,TP61,,Estación 1,Si,242DE80564D669F9,IP_040,105,SEO,Audiomoth,v.1.2.0,23/02/25,,05/07/25,,23/02/25,18:05:00,05/07/25,20:26:00,132,30360,23/02/25,18:05:00,05/07/25,20:26:00,132,30360,A2002,En troco delgado de un eucalipto ,A,20,A20,-99,2,1.4,,DURACELL PLUS,SanDisk,64GB,Extreme,China,32,Med,02:00:00,01:00:00,60,120,None,X,X,Sí,01/11/00,,,Si,Si,Si,,,
97,Llanera_San Cucao,43.426245,-5.889042,Principado de Asturias,Asturias,M. José Herrero Martín,TP61,,Estación 4,Si,247AA50864D66998,IP_041,106,SEO,Audiomoth,v.1.2.0,23/02/25,,05/07/25,,23/02/25,18:00:00,05/07/25,20:26:00,132,30360,23/02/25,18:00:00,05/07/25,20:26:00,132,30360,A0601,En el tronco de un tejo.,A,6,A6,-99,1,3,,DURACELL PLUS,SanDisk,64GB,Extreme,China,32,Med,02:00:00,01:00:00,60,120,None,X,X,Sí,01/11/00,,,Si,Si,Si,,,
98,Llanera_Severies,43.442353,-5.861577,Principado de Asturias,Asturias,M. José Herrero Martín,TP61 ,,Estación 2,Si,2453AC0264D66A7A,IP_039,107,SEO,Audiomoth,v.1.2.0,23/02/25,,05/07/25,,23/02/25,18:00:00,05/07/25,20:21:00,132,30360,23/02/25,18:00:00,05/07/25,20:21:00,132,30360,C28,Arbusto denso de Laurel,C,28,C28,-99,-99,1,,DURACELL PLUS,SanDisk,64GB,Extreme,China,32,Med,02:00:00,01:00:00,60,120,None,X,X,Sí,01/11/00,,,Si,Si,Si,,,
117,Yavio - Carreno,43.56258593,-5.773122149,Principado de Asturias,Asturias,Alejandro Lavara Villalba,TP72,,Estación 5,Si,245AAA0263B3E85C,IP_009,126,SEO,Audiomoth,v.1.2.0,01/03/25,,18/07/25,,01/03/25,18:10:00,18/07/25,22:57:00,139,31970,23/02/25,18:05:00,03/08/25,22:42:00,161,37030,"E.AGRÍCOLAS, 54.Mosaicos agropecuarios del norte, 02.Arbolado +40%, 01.Matorral 0-25%","En el tronco de un castaño a la orilla de un camino tomado de vegetación. Hay cerca una pequeña construcción de uso recreativo (""fin de semana"" lo llaman en Asturias y una carretera con tráfico escaso). También hay una cantera en activo a unos cientos de metros",E,54,E54,2,1,2,,DURACELL PLUS,SanDisk,64GB,Extreme,China,32,Med,02:00:00,01:00:00,60,120,None,X,X,Sí,01/11/00,,,Si,Si,Si,,,
52,Finca El Colomer (Mallorca),39.583935,2.700235,Illes Balears,Baleares,Mika Palmer Verger,DD78,,Estación 3,No,2466BE0464D66E8F,IP_018,61,SEO,Audiomoth,v.1.2.0,27/02/25,,30/06/25,,27/02/25,17:35:00,30/06/25,22:17:00,123,28290,23/02/25,17:30:00,08/07/25,19:32:00,135,31050,E34 olivar ecológico,colocada en la rama de un olivo joven,E,34,E34,-99,-99,1.7,,DURACELL PLUS,SanDisk,64GB,Extreme,China,32,Med,02:00:00,01:00:00,60,120,None,X,X,Sí,01/11/00,,,Si,Si,Si,,,
127,"Cantera de Cuchía (Miengo, Cantabria)",43.42764,-4.02078,Cantabria,Cantabria,Antonio Rodríguez Arduengo,VP10,,Estación 1,No,24E1440863B3BE39,IP_058,137,SEO,Audiomoth,v.1.2.0,23/02/25,,26/07/25,,23/02/25,17:55:00,26/07/25,22:42:00,153,35190,23/02/25,17:55:00,11/08/25,22:22:00,169,38870,A140202,"En un arbusto, en medio de un bosquete cerrado",A,14,A14,2,2,0.5,,DURACELL PLUS,SanDisk,64GB,Extreme,China,32,Med,02:00:00,01:00:00,60,120,None,X,X,Sí,01/11/00,,,Si,Si,Si,,,
19,Maello_1,40.813023,-4.544062,Castilla y León,Ávila,José María de Zabala Hartwig,UL61,,Estación 1,No,2403750364D66B4B,IP_010,25,SEO,Audiomoth,v.1.2.0,22/02/25,,23/06/25,,23/02/25,18:00:00,23/06/25,22:59:00,120,27600,23/02/25,18:00:00,29/07/25,22:37:00,156,35880,A1501,En el tronco de una encina seca situado en una ladera de una colina sin ningún obstáculo delante. Existe una carretera comarcal a unos 900 metros con tráfico muy escaso,A,15,A15,-99,1,2.1,,DURACELL PLUS,SanDisk,64GB,Extreme,China,32,Med,02:00:00,01:00:00,60,120,None,X,X,Sí,01/11/00,,,Si,Si,Si,,,
20,Maello_2,40.812844,-4.56192,Castilla y León,Ávila,José María de Zabala Hartwig,UL61,,Estación 3,No,2474750663B3E6F4,IP_012,26,SEO,Audiomoth,v.1.2.0,22/02/25,,23/06/25,,23/02/25,18:00:00,23/06/25,22:52:00,120,27600,23/02/25,18:00:00,26/07/25,22:37:00,153,35190,A140201,"En una encina, sin obstáculos delante y encarando una zona de dehesa sin cultivos. A espaldas (56 metros) de una carretera comarcal con poco tráfico",A,14,A14,2,1,3.7,,DURACELL PLUS,SanDisk,64GB,Extreme,China,32,Med,02:00:00,01:00:00,60,120,None,X,X,Sí,01/11/00,,,Si,Si,Si,,,
60,Quintanilla_M,42.87262,-3.295913,Castilla y León,Burgos,Eduardo de Miguel Llanes,VN74,,Estación 4,No,2403750364D669E9,IP_004,69,SEO,Audiomoth,v.1.2.0,23/02/25,,29/06/25,,23/02/25,17:50:00,29/06/25,22:52:00,126,28980,23/02/25,17:50:00,29/06/25,22:52:00,126,28980,E 54 01 01,Tronco de pino joven (Pinus sylvestris),E,54,E54,1,1,3,Junto a pista forestal con tráfico escaso pero no nulo,DURACELL PLUS,SanDisk,64GB,Extreme,China,32,Med,02:00:00,01:00:00,60,120,None,X,X,Sí,01/11/00,,,No,Si,Si,,Se cambia la carcasa por la de IP_051 (GRABA POCO),
62,Quintana_Entre,42.883052,-3.320934,Castilla y León,Burgos,Eduardo de Miguel Llanes,VN74,,Estación 2,No,2474750663B3E84E,IP_014,71,SEO,Audiomoth,v.1.2.0,23/02/25,,29/06/25,,23/02/25,17:50:00,29/06/25,22:52:00,126,28980,23/02/25,17:50:00,29/06/25,22:52:00,126,28980,A 18 - 01,Rama de encina (Quercus ilex) en el borde un grupito de árboles,A,18,A18,-99,1,3,,DURACELL PLUS,SanDisk,64GB,Extreme,China,32,Med,02:00:00,01:00:00,60,120,None,X,X,Sí,01/11/00,,,Si,Si,Si,,,
63,LaPrada,42.839869,-3.270019,Castilla y León,Burgos,Eduardo de Miguel Llanes,VN74,,Estación 5,Si,245AAA0263B3E883,IP_021,72,SEO,Audiomoth,v.1.2.0,23/02/25,,29/06/25,,23/02/25,17:50:00,29/06/25,22:52:00,126,28980,23/02/25,17:50:00,29/06/25,22:52:00,126,28980,E 54 01 01,"Tronco de ciruelo en un soto abierto, sobre un arroyo con caudal muy escaso (excepto este año)",E,54,E54,1,1,3,El arroyo cercano a la grabadora ha llevado bastante más agua de la normal este año,DURACELL PLUS,SanDisk,64GB,Extreme,China,32,Med,02:00:00,01:00:00,60,120,None,X,X,Sí,01/11/00,,,Si,Si,Si,,,
118,Iglesiapinta_tenada,42.1513919,-3.3369637,Castilla y León,Burgos,Sheila García Lapresta,VM76,,Estación 2,Si,2466BE0464D66B3B,IP_050,127,SEO,Audiomoth,v.1.2.0,05/04/25,,19/07/25,,05/04/25,18:45:00,19/07/25,22:47:00,105,24150,23/02/25,17:55:00,11/08/25,22:22:00,169,38870,C24,Edificio de piedra derruido con saucos,C,24,C24,-99,-99,2,,DURACELL PLUS,SanDisk,64GB,Extreme,China,32,Med,02:00:00,01:00:00,60,120,None,X,X,Sí,01/11/00,,,No,Si,Si,,,
120,Monte_Estepar,42.28389,-3.90291,Castilla y León,Burgos,Álvaro Gómez González,VM28,,Estación 1,No,2466BE0464D669D9,IP_033,129,SEO,Audiomoth,v.1.2.0,21/02/25,,10/07/25,,23/02/25,17:55:00,10/07/25,22:52:00,137,31510,23/02/25,17:55:00,23/07/25,22:09:00,150,34500,A11,En un tronco,A,11,A11,-99,2,7,"Vía del AVE cercana, granja con pavos a 1km",DURACELL PLUS,SanDisk,64GB,Extreme,China,32,Med,02:00:00,01:00:00,60,120,None,X,X,Sí,01/11/00,,,Si,Si,Si,,,
121,Pinar_Vilviestre,42.29596,-3.92283,Castilla y León,Burgos,Álvaro Gómez González,VM28,,Estación 2,No,2403750364D66B5C,IP_034,130,SEO,Audiomoth,v.1.2.0,21/02/25,,10/07/25,,23/02/25,17:55:00,10/07/25,22:52:00,137,31510,23/02/25,17:55:00,24/07/25,22:42:00,151,34730,A03,En un tronco,A,3,A3,-99,1,12,,DURACELL PLUS,SanDisk,64GB,Extreme,China,32,Med,02:00:00,01:00:00,60,120,None,X,X,Sí,01/11/00,,,No,Si,Si,,NO FUNCIONA,
122,Monte_Rabe,42.34821,-3.86835,Castilla y León,Burgos,Álvaro Gómez González,VM28,,Estación 5,No,24F3190163B3BE39,IP_042,131,SEO,Audiomoth,v.1.2.0,21/07/25,,17/07/25,,23/02/25,17:55:00,17/07/25,22:47:00,144,33120,23/02/25,17:55:00,31/07/25,22:37:00,158,36340,A11,En un tronco,A,11,A11,-99,1,7,,DURACELL PLUS,SanDisk,64GB,Extreme,China,32,Med,02:00:00,01:00:00,60,120,None,X,X,Sí,01/11/00,,,Si,Si,Si,,,
123,Pino  de Bureba,42.708306,-3.426778,Castilla y León,Burgos,Edgardo Vallejo Süllwald,VN62,,Estación 5,No,2453AC0264D66DFE,IP_045,132,SEO,Audiomoth,v.1.2.0,14/03/25,,19/07/25,,14/03/25,18:20:00,19/07/25,22:47:00,127,29210,23/02/25,17:55:00,02/08/25,21:59:00,160,36800,"37,01,02",En tronco de encina,E,37,E37,1,2,2,,DURACELL PLUS,SanDisk,64GB,Extreme,China,32,Med,02:00:00,01:00:00,60,120,None,X,X,Sí,01/11/00,,,Si,Si,Si,,,
124,Salas de Bureba,42.690361,-3.464917,Castilla y León,Burgos,Edgardo Vallejo Süllwald,VN62,,Estación 3,No,243EBE0164D669F9,IP_044,134,SEO,Audiomoth,v.1.2.0,14/03/25,,19/07/25,,14/03/25,18:20:00,19/07/25,22:47:00,127,29210,23/02/25,17:55:00,01/08/25,22:32:00,159,36570,"23,01,01",Tronco de pino,A,23,A23,1,1,2.3,,DURACELL PLUS,SanDisk,64GB,Extreme,China,32,Med,02:00:00,01:00:00,60,120,None,X,X,Sí,01/11/00,,,Si,Si,Si,,,
125,Estación ,42.675417,-3.476139,Castilla y León,Burgos,Edgardo Vallejo Süllwald,VN62,,Estación 2,No,247AA50763B3BE53,IP_043,135,SEO,Audiomoth,v.1.2.0,14/03/25,,19/07/25,,14/03/25,18:20:00,19/07/25,22:47:00,127,29210,23/02/25,17:55:00,28/07/25,22:04:00,155,35650,"37,01,01",En tronco de retama,E,37,E37,1,1,2.2,"Cerca, unos 6 metros, discurre una vía verda",DURACELL PLUS,SanDisk,64GB,Extreme,China,32,Med,02:00:00,01:00:00,60,120,None,X,X,Sí,01/11/00,,,Si,Si,Si,,,
126,Abogadillo,42.663694,-3.467194,Castilla y León,Burgos,Edgardo Vallejo Süllwald,VN62,,Estación 1,No,2453AC0264D66C1D,IP_046,136,SEO,Audiomoth,v.1.2.0,14/03/25,,19/07/25,,14/03/25,18:20:00,19/07/25,22:47:00,127,29210,23/02/25,17:55:00,11/08/25,22:22:00,169,38870,"37,01,02",En tronco de encina con alguna rama seca cerca,E,37,E37,1,2,1.5,,DURACELL PLUS,SanDisk,64GB,Extreme,China,32,Med,02:00:00,01:00:00,60,120,None,X,X,Sí,01/11/00,,,Si,Si,Si,,,
137,Villasandino,42.363901,-4.1489008,Castilla y León,Burgos,Ińaki Busturia Cerezo,VM09,,Estación 2,Si,24F3190863ED84F0,IP_123,147,SEO,Audiomoth,v.1.2.0,29/03/25,,24/07/25,,29/03/25,18:35:00,24/07/25,22:13:00,117,26910,29/03/25,18:35:00,11/08/25,22:17:00,135,31050,31,Sobre el tronco de un serbal común,E,31,E31,-99,-99,2,LA correa de velcro es poco flexible.,DURACELL PLUS,SanDisk,64GB,Extreme,Malaysia,32,Med,02:00:00,01:00:00,60,120,None,X,X,Sí,01/11/00,,,No,Si,Si,,,
92,Pinar_1,42.5778735,-5.4804658,Castilla y León,León,Lucía Pan Jańez,TN91,,Estación 1,No,2453AC0263ED8438,IP_103,101,SEO,Audiomoth,v.1.2.0,23/02/25,,21/06/25,,23/02/25,18:00:00,21/06/25,23:02:00,118,27140,23/02/25,18:00:00,29/07/25,22:47:00,156,35880,A03,En un tronco de un pino en pinar de cultivo ,E,37,E37,1,1,2.2,,DURACELL PLUS,SanDisk,64GB,Extreme,China,32,Med,02:00:00,01:00:00,60,120,None,X,X,Sí,01/11/00,,,Si,Si,Si,,NO GRABA GRAVES,
93,Chopos_2,42.585251,-5.489606,Castilla y León,León,Lucía Pan Jańez,TN91,,Estación 2,No,243B1F0663EDF474,IP_104,102,SEO,Audiomoth,v.1.2.0,23/02/25,,21/06/25,,23/02/25,18:00:00,21/06/25,23:02:00,118,27140,23/02/25,18:00:00,29/07/25,22:47:00,156,35880,A2301,En un tronco de un chopo de ribera De Arroyo ,E,37,E37,1,1,2,,DURACELL PLUS,SanDisk,64GB,Extreme,China,32,Med,02:00:00,01:00:00,60,120,None,X,X,Sí,01/11/00,,,Si,Si,Si,,Placa un poco suelta,
94,Vertedero ilegal_3,42.599441,-5.484994,Castilla y León,León,Lucía Pan Jańez,TN91,,Estación 4,No,2474750763ED8452,IP_105,103,SEO,Audiomoth,v.1.2.0,23/02/25,,21/06/25,,23/02/25,18:00:00,21/06/25,23:02:00,118,27140,23/02/25,18:00:00,29/07/25,22:47:00,156,35880,B25,"En el tronco de una planta de retama alta, zona al lado de un camino, con una pequeña escombrera ilegal",B,25,B25,-99,-99,1.8,,DURACELL PLUS,SanDisk,64GB,Extreme,China,32,Med,02:00:00,01:00:00,60,120,None,X,X,Sí,01/11/00,,,No,Si,Si,,SE CAMBIA CARCASA POR LA DE IP_029 (NUEVA DE SEO),
95,Pinar_4,42.592545,-5.522082,Castilla y León,León,Lucía Pan Jańez,TN91,,Estación 3,No,249C600363ED84FD,IP_110,104,SEO,Audiomoth,v.1.2.0,23/02/25,,21/06/25,,23/02/25,18:00:00,21/06/25,23:02:00,118,27140,23/02/25,18:00:00,29/07/25,22:47:00,156,35880,A01,"En el tronco de un pino, zona alta, con presencial de sapo corredor en primavera. Cercano hay una granja de ovejas con perros que suelen ladrar. ",E,37,E37,1,1,4,,DURACELL PLUS,SanDisk,64GB,Extreme,China,32,Med,02:00:00,01:00:00,60,120,None,X,X,Sí,01/11/00,,,Si,Si,Si,,,
6,Melojar_de_la_Roza(Villapun),42.51547,-4.81332,Castilla y León,Palencia,Roberto Rodríguez Martínez,UN50,,Estación 4,No,243B1F026486F96E,SEO-034,12,SEO,Audiomoth,v.1.2.0,15/02/25,,22/06/25,,23/02/25,17:00:00,14/04/25,19:48:00,50,11500,23/02/25,17:00:00,14/04/25,19:48:00,50,11500,A10,Arbusto espinoso,A,10,A10,-99,1,1.5,,DURACELL PLUS,SanDisk,64GB,Extreme,Taiwan,32,Med,02:00:00,01:00:00,60,120,None,X,X,NO,01/11/00,,,Si,Si,Si,,,
7,Pinar_de_La_Cerra(Villapun),42.517841,-4.856932,Castilla y León,Palencia,Roberto Rodríguez Martínez,UN40,,Estación 2,No,242A26056487032E,SEO-035,13,SEO,Audiomoth,v.1.2.0,15/02/25,,21/06/25,,23/02/25,17:00:00,14/04/25,19:06:00,50,11500,23/02/25,17:00:00,14/04/25,19:06:00,50,11500,A03,Pino joven dispuesto horizontalmente,A,3,A3,-99,1,1.2,,DURACELL PLUS,SanDisk,64GB,Extreme,Taiwan,32,Med,02:00:00,01:00:00,60,120,None,X,X,NO,01/11/00,,,No,Si,Si,,SE CAMBIA CARCASA POR LA DE IP_108 (NO GRABA GRAVES),
80,Barracon,42.570139,-4.57375,Castilla y León,Palencia,Luis Carlos Herrero Rosado,UN71,,Estación 4,Si,243B1F026486FD1B,SEO_067,89,SEO,Audiomoth,v.1.2.0,23/02/25,,03/07/25,,23/02/25,18:00:00,29/04/25,21:09:00,65,14950,23/02/25,18:00:00,29/04/25,21:09:00,65,14950,e37 a02,En rama de pino,E,37,E37,2,1,3,Las 3 grabadoras que he puesto han dejado de grabar el 29/4,DURACELL PLUS,SanDisk,64GB,Extreme,Taiwan,32,Med,02:00:00,01:00:00,60,120,None,X,X,Sí,01/11/00,,,Si,Si,Si,,,
81,Corrales de Merino,42.577167,-4.559,Castilla y León,Palencia,Luis Carlos Herrero Rosado,UN71,,Estación 3,Si,24E144036486FE19,SEO_068,90,SEO,Audiomoth,v.1.2.0,23/02/25,,03/07/25,,23/02/25,18:00:00,28/04/25,21:07:00,64,14720,23/02/25,18:00:00,28/04/25,21:07:00,64,14720,a02,Atada a una jara,A,2,A2,-99,1,0.5,Las 3 grabadoras que he puesto han dejado de grabar el 29/4,DURACELL PLUS,SanDisk,64GB,Extreme,Taiwan,32,Med,02:00:00,01:00:00,60,120,None,X,X,Sí,01/11/00,,,Si,Si,Si,,,
82,Tremedo,42.582139,-4.528722,Castilla y León,Palencia,Luis Carlos Herrero Rosado,UN71,,Estación 2,Si,243B1F02648702D5,SEO_036,91,SEO,Audiomoth,v.1.2.0,23/02/25,,03/07/25,,23/02/25,18:00:00,29/04/25,22:00:00,65,14950,23/02/25,18:00:00,29/04/25,22:00:00,65,14950,E37 A02,En rama de pino,E,37,E37,2,1,4,Las 3 grabadoras que puse han dejado de grabar el 29/4,DURACELL PLUS,SanDisk,64GB,Extreme,Taiwan,32,Med,02:00:00,01:00:00,60,120,None,X,X,Sí,01/11/00,,,Si,Si,Si,,,
139,Galindo y Perahuy_Monte de la Rad,40.914842,-5.795385,Castilla y León,Salamanca,Vicente Lopez Alcazar,TL63,,Estación 2,No,248D9B01648702AF,SEO_038,149,SEO,Audiomoth,v.1.2.0,03/04/25,,11/10/25,,03/04/25,18:50:00,27/04/25,22:00:00,24,5520,23/02/25,18:05:00,27/04/25,22:00:00,63,14490,A14 02 01,Árbol relativamente cerca de caminos con poco transito,A,14,A14,2,1,5,,DURACELL PLUS,SanDisk,64GB,Extreme,Taiwan,32,Med,02:00:00,01:00:00,60,120,None,X,X,Sí,01/11/00,,,Si,Si,Si,,,No la tenemos pero Virginia se ve que sí
45,Castiltierra_lavadero,41.385978,-3.533864,Castilla y León,Segovia,Susana de Arcos Valero,VL58,,Estación 1,No,24E14403648701E5,SEO_072,54,SEO,Audiomoth,v.1.2.0,25/02/25,,25/06/25,,25/02/25,18:00:00,29/04/25,21:22:00,63,14490,23/02/25,18:00:00,29/04/25,21:22:00,65,14950,F390101,Árbol,F,39,F39,1,1,3,zona urbana,DURACELL PLUS,SanDisk,64GB,Extreme,Taiwan,32,Med,02:00:00,01:00:00,60,120,None,X,X,Sí,01/11/00,,,Si,Si,Si,,,
46,Alto Cascajares,41.386632,-3.50929,Castilla y León,Segovia,Susana de Arcos Valero,VL58,,Estación 2,No,248D9B016487020B,SEO_071,55,SEO,Audiomoth,v.1.2.0,25/02/25,,25/06/25,,25/02/25,18:00:00,27/04/25,21:56:00,61,14030,23/02/25,18:00:00,27/04/25,21:56:00,63,14490,E31,Encina,E,31,E31,-99,-99,3,,DURACELL PLUS,SanDisk,64GB,Extreme,Taiwan,32,Med,02:00:00,01:00:00,60,120,None,X,X,Sí,01/11/00,,,Si,Si,Si,,,
47,Bercimuel ,41.41494,-3.572707,Castilla y León,Segovia,Susana de Arcos Valero,VL58,,Estación 4,No,24E144036486FDF3,SEO_74,56,SEO,Audiomoth,v.1.2.0,06/03/25,,28/06/25,,06/03/25,18:10:00,28/06/25,22:47:00,114,26220,23/02/25,18:00:00,29/07/25,22:32:00,156,35880,E31,Encina,E,31,E31,-99,-99,3,,DURACELL PLUS,SanDisk,64GB,Extreme,China,32,Med,02:00:00,01:00:00,60,120,None,X,X,Sí,01/11/00,,,No,Si,Si,,,
102,Orejana-Tejadilla,41.165972,-3.815667,Castilla y León,Segovia,Carlos Vilches Ruiz,VL35,,Estación 3,No,243B1F0264870407,SEO_063,111,SEO,Audiomoth,v.1.2.0,28/02/25,,09/07/25,,28/02/25,18:05:00,29/04/25,21:04:00,60,13800,23/02/25,18:00:00,29/04/25,21:04:00,65,14950,A17,rama árbol,A,17,A17,-99,1,3,,DURACELL PLUS,SanDisk,64GB,Extreme,Taiwan,32,Med,02:00:00,01:00:00,60,120,None,X,X,Sí,01/11/00,,,Si,Si,Si,,,
103,Orejana-La Muneca,41.16025,-3.753278,Castilla y León,Segovia,Carlos Vilches Ruiz,VL35,,Estación 4,No,24E14403648703A0,SEO_062,112,SEO,Audiomoth,v.1.2.0,28/02/25,,09/07/25,,28/02/25,18:05:00,29/04/25,20:55:00,60,13800,23/02/25,18:00:00,29/04/25,20:55:00,65,14950,A01,tronco árbol,A,1,A1,-99,1,2.5,,DURACELL PLUS,SanDisk,64GB,Extreme,Taiwan,32,Med,02:00:00,01:00:00,60,120,None,X,X,Sí,01/11/00,,,No,Si,Si,,GRABA POCO,
104,Orejana-Arenal,41.16575,-3.786306,Castilla y León,Segovia,Carlos Vilches Ruiz,VL35,,Estación 5,No,24E14403648703BA,SEO_061,113,SEO,Audiomoth,v.1.2.0,28/02/25,,09/07/25,,28/02/25,18:05:00,29/04/25,21:07:00,60,13800,23/02/25,18:00:00,29/04/25,21:07:00,65,14950,E370101,Rama árbol,E,37,E37,1,1,2.5,,DURACELL PLUS,SanDisk,64GB,Extreme,Taiwan,32,Med,02:00:00,01:00:00,60,120,None,X,X,Sí,01/11/00,,,Si,Si,Si,,Voy a pasar datos y no tiene,
108,Pinar abierto,40.94799,-4.36943,Castilla y León,Segovia,Eduardo García de Andrés,UL83,,Estación 3,No,243B1F026486FD42,SEO_066,117,SEO,Audiomoth,v.1.2.0,23/02/25,,13/07/25,,23/02/25,18:00:00,29/04/25,21:07:00,65,14950,23/02/25,18:00:00,29/04/25,21:07:00,65,14950,A31,En una rama de un pino,A,16,A16,-99,1,2,,DURACELL PLUS,SanDisk,64GB,Extreme,Taiwan,32,Med,02:00:00,01:00:00,60,120,None,X,X,Sí,01/11/00,,,Si,Si,Si,,,
109,Taray en entorno estepario,40.99313,-4.35769,Castilla y León,Segovia,Eduardo García de Andrés,UL83,,Estación 4,No,24E144036488F418,SEO_039,118,SEO,Audiomoth,v.1.2.0,23/02/25,,13/07/25,,23/02/25,18:00:00,29/04/25,21:01:00,65,14950,23/02/25,18:00:00,29/04/25,21:01:00,65,14950,E31,Rama de un taray (único arbolado con cobertura y altura para dejar en un entorno estepario/agrícola,E,31,E31,-99,-99,2,,DURACELL PLUS,SanDisk,64GB,Extreme,Taiwan,32,Med,02:00:00,01:00:00,60,120,None,X,X,Sí,01/11/00,,,Si,Si,Si,,,
8,Aguasal,41.305794,-4.62761,Castilla y León,Valladolid,José Ignacio Conde Conde,UL67,,Estación 4,No,242A2605648703FA,SEO_016,14,SEO,Audiomoth,v.1.2.0,23/02/25,,21/06/25,,23/02/25,18:00:00,27/04/25,21:34:00,63,14490,23/02/25,18:00:00,27/04/25,21:34:00,63,14490,A0201,En el tronco de un pino,A,2,A2,-99,1,3,A 500m de una carretera,DURACELL PLUS,SanDisk,64GB,Extreme,Taiwan,32,Med,02:00:00,01:00:00,60,120,None,X,X,SÍ,01/11/00,,,No,Si,Si,,GRABA POCO,
55,Hornillos_pinar,41.384054,-4.718993,Castilla y León,Valladolid,Martín Fuentes Ballester,UL58,,Estación 4,Si,243B1F026486FE3F,SEO_070,64,SEO,Audiomoth,v.1.2.0,01/03/25,,29/06/25,,01/03/25,18:55:00,29/04/25,21:51:00,59,13570,01/03/25,18:55:00,29/04/25,21:51:00,59,13570,A0201,"En un pino, bajo una rama",A,2,A2,-99,1,4.5,,DURACELL PLUS,SanDisk,64GB,Extreme,Taiwan,32,Med,02:00:00,01:00:00,60,120,None,X,X,Sí,01/11/00,,,Si,Si,Si,,,
38,RUIDERA_PARKING_ISLA,38.960714,-2.869448,Castilla-La Mancha,Albacete,Jesús Antoni Gracia Gómez,WJ11,,Estación 5,No,243EBE0164D66B3B,IP_059,46,SEO,Audiomoth,v.1.2.0,24/02/25,,25/06/25,,24/02/25,18:00:00,25/06/25,22:42:00,121,27830,23/02/25,18:00:00,29/07/25,22:27:00,156,35880,D 30 01 02,ENCINA,D,30,D30,1,2,0.5,,DURACELL PLUS,SanDisk,64GB,Extreme,China,32,Med,02:00:00,01:00:00,60,120,None,X,X,Sí,01/11/00,,,Si,Si,Si,,,
39,LAGUNA LENGUA,38.946132,-2.853052,Castilla-La Mancha,Albacete,Jesús Antoni Gracia Gómez,WJ11,,Estación 1,No,2403750364D6865F,IP_060,47,SEO,Audiomoth,v.1.2.0,24/02/25,,25/06/25,,24/02/25,18:00:00,25/06/25,22:42:00,121,27830,23/02/25,18:00:00,29/07/25,22:27:00,156,35880,D 30 01 02,ENCINA,D,30,D30,1,2,1,,DURACELL PLUS,SanDisk,64GB,Extreme,China,32,Med,02:00:00,01:00:00,60,120,None,X,X,Sí,01/11/00,,,Si,Si,Si,,,
74,Cilanco 3,39.33213232,-1.302245771,Castilla-La Mancha,Albacete,Lucas De Las Heras Gómez,XJ45,,Estación 3,No,2453AC0264D66B5C,IP_036,83,SEO,Audiomoth,v.1.2.0,01/03/25,,03/07/25,,01/03/25,18:00:00,03/07/25,22:32:00,124,28520,23/02/25,17:50:00,14/07/25,22:32:00,141,32430,18.Mezclas abiertas de planifolias y coníferas,Pino carrasco joven en pinar junto a río y bajo cortado rocoso,A,18,A18,-99,1,5,,DURACELL PLUS,SanDisk,64GB,Extreme,China,32,Med,02:00:00,01:00:00,60,120,None,X,X,Sí,01/11/00,,,No,Si,Si,,Cambia Carcasa por la de SEO_043 (NO GRABA GRAVES),
75,Cilanco 2,39.3284286,-1.289898815,Castilla-La Mancha,Albacete,Lucas De Las Heras Gómez,XJ45 ,,Estación 2,No,249C600363B3BE53,IP_017,84,SEO,Audiomoth,v.1.2.0,01/03/25,,03/07/25,,,,,,0,0,,,,,0,0,02.Pinares y abetales abiertos,Pino carrasco joven en pinar junto a viñedo y río lejano,E,37,E37,1,2,4,,DURACELL PLUS,SanDisk,64GB,Extreme,China,32,Med,02:00:00,01:00:00,60,120,None,X,X,,01/11/00,,,Si,Si,Si,,,Sin datos
76,Cilanco 1,39.32682793,-1.267571149,Castilla-La Mancha,Albacete,Lucas De Las Heras Gómez,XJ45 ,,Estación 1,No,2453AC0264D66BBC,IP_028,85,SEO,Audiomoth,v.1.2.0,01/03/25,,03/07/25,,,,,,0,0,,,,,0,0,23.Riberas fluviales arboladas,Pino aislado junto a olivar cercano a río ,E,37,E37,1,2,6,,DURACELL PLUS,SanDisk,64GB,Extreme,China,32,Med,02:00:00,01:00:00,60,120,None,X,X,,01/11/00,,,Si,Si,Si,,,Sin datos 
77,Cilanco 4,39.3371034,-1.321327981,Castilla-La Mancha,Albacete,Lucas De Las Heras Gómez,XJ45 ,,Estación 4,No,24F3190163B41DDA,IP_035,86,SEO,Audiomoth,v.1.2.0,01/03/25,,03/07/25,,01/03/25,18:00:00,03/07/25,22:32:00,124,28520,23/02/25,17:50:00,14/07/25,22:32:00,141,32430,02.Pinares y abetales abiertos,Pino carrasco joven en pinar junto a carretera local,E,37,E37,2,2,6,,DURACELL PLUS,SanDisk,64GB,Extreme,China,32,Med,02:00:00,01:00:00,60,120,None,X,X,Sí,01/11/00,,,No,Si,Si,,CAMBIO CARCASA POR LA DE IP_099 (GRABA POCO),
115,Cilanco 5,39.324583,-1.313528,Castilla-La Mancha,Albacete,Lucas De Las Heras Gómez,XJ45 ,,Estación 5,No,24E1440863B3BE46,IP_037,124,SEO,Audiomoth,v.1.2.0,01/03/25,,03/07/25,,01/03/25,18:00:00,03/07/25,22:32:00,124,28520,23/02/25,17:50:00,14/07/25,22:42:00,141,32430,Pinar junto a cultivos de secano (E370202),Pino carrasco joven ,E,37,E37,2,2,5,Cercana a carretera nacional ,DURACELL PLUS,SanDisk,64GB,Extreme,China,32,Med,02:00:00,01:00:00,60,120,None,X,X,Sí,01/11/00,,,Si,Si,Si,,,
132,Noctua XJ21. IP_016,38.9502,-1.614953,Castilla-La Mancha,Albacete,José Antonio Cańizares Mata,XJ21,,Estación 1,Si,249C600363B3E890,IP_016,142,SEO,Audiomoth,v.1.2.0,27/02/25,,09/07/25,,27/02/25,17:55:00,09/07/25,20:53:00,132,30360,23/02/25,17:50:00,09/07/25,20:53:00,136,31280,A31,En el tronco de un árbol,A,2,A2,-99,1,2,,DURACELL PLUS,SanDisk,64GB,Extreme,China,32,Med,02:00:00,01:00:00,60,120,None,X,X,Sí,01/11/00,,,Si,Si,Si,,,
133,Noctua XJ21 IP_005,38.944371,-1.580296,Castilla-La Mancha,Albacete,José Antonio Cańizares Mata,XJ21,,Estación 2,Si,2474750663B3BE53,IP_005,143,SEO,Audiomoth,v.1.2.0,27/02/25,,04/07/25,,27/02/25,17:55:00,04/07/25,22:32:00,127,29210,23/02/25,17:50:00,09/07/25,21:10:00,136,31280,E3712,Tronco de un árbol,E,37,E37,1,2,3,,DURACELL PLUS,SanDisk,64GB,Extreme,China,32,Med,02:00:00,01:00:00,60,120,None,X,X,Sí,01/11/00,,,Si,Si,Si,,,
134,Noctua XJ21 IP_006,38.932373,-1.57089,Castilla-La Mancha,Albacete,José Antonio Cańizares Mata,XJ21,,Estación 3,Si,247AA50763B41E02,IP_006,144,SEO,Audiomoth,v.1.2.0,27/02/25,,04/07/25,,27/02/25,17:55:00,04/07/25,22:32:00,127,29210,23/02/25,17:50:00,09/07/25,21:29:00,136,31280,E3711,Tronco de un árbol,E,37,E37,1,1,4,,DURACELL PLUS,SanDisk,64GB,Extreme,China,32,Med,02:00:00,01:00:00,60,120,None,X,X,Sí,01/11/00,,,Si,Si,Si,,NO GRABA GRAVES,
135,Noctua XJ21 IP_008,38.948775,-1.55088,Castilla-La Mancha,Albacete,José Antonio Cańizares Mata,XJ21,,Estación 4,Si,249C600363B3E869,IP_008,145,SEO,Audiomoth,v.1.2.0,27/02/25,,04/07/25,,27/02/25,17:55:00,04/07/25,22:32:00,127,29210,23/02/25,17:50:00,09/07/25,21:47:00,136,31280,E3711,Tronco de un árbol,E,37,E37,1,1,4,,DURACELL PLUS,SanDisk,64GB,Extreme,China,32,Med,02:00:00,01:00:00,60,120,None,X,X,Sí,01/11/00,,,Si,Si,Si,,,
136,Noctua XJ21 IP_019,38.939059,-1.517998,Castilla-La Mancha,Albacete,José Antonio Cańizares Mata,XJ21,,Estación 5,Si,2466BE0464D66B2B,IP_019,146,SEO,Audiomoth,v.1.2.0,27/02/25,,04/07/25,,27/02/25,17:55:00,04/07/25,22:32:00,127,29210,23/02/25,17:50:00,09/07/25,22:08:00,136,31280,E3711,Tronco de  un árbol,E,37,E37,1,1,3,,DURACELL PLUS,SanDisk,64GB,Extreme,China,32,Med,02:00:00,01:00:00,60,120,None,X,X,Sí,01/11/00,,,Si,Si,Si,,,
5,Landete_Canada del Asno,39.894479,-1.329012,Castilla-La Mancha,Cuenca,Juan Bautista Sorli Guerola,XK41,,Estación 1,No,243EBE0164D66B9C,IP_083,11,SEO,Audiomoth,v.1.2.0,22/02/25,,21/06/25,,23/02/25,17:50:00,21/06/25,22:37:00,118,27140,23/02/25,17:50:00,29/07/25,22:22:00,156,35880,E36,"En un pino, rodeada de 3 pinos por delante de la grabadora ",E,36,E36,-99,-99,4,,DURACELL PLUS,SanDisk,64GB,Extreme,China,32,Med,02:00:00,01:00:00,60,120,None,X,X,SÍ,01/11/00,,,Si,Si,Si,,,
9,Talayuelas _Dehesilla,39.840552,-1.290362,Castilla-La Mancha,Cuenca,Juan Bautista Sorli Guerola,XK41,,Estación 5,No,247AA50763B3EABA,IP_082,15,SEO,Audiomoth,v.1.2.0,22/02/25,,22/06/25,,23/02/25,17:50:00,22/06/25,22:37:00,119,27370,23/02/25,17:50:00,29/07/25,22:22:00,156,35880,A0301,En un pino. En frente hay algún pino pequeño ,A,3,A3,-99,1,3,,DURACELL PLUS,SanDisk,64GB,Extreme,China,32,Med,02:00:00,01:00:00,60,120,None,X,X,SÍ,01/11/00,,,Si,Si,Si,,,
99,Priego cortado río Tabaque.,40.4315883,-2.32816,Castilla-La Mancha,Cuenca,José Javier Taravilla Canales,WK57,,Estación 1,No,2453AC0264D66B9C,IP_080,108,SEO,Audiomoth,v.1.2.0,24/02/25,,09/07/25,,24/02/25,17:55:00,09/07/25,22:37:00,135,31050,23/02/25,17:50:00,29/07/25,22:22:00,156,35880,E.Agricplas 37,"Zona de matorral bajo, aliagas, romeros sabinas. En lo alto de un cortado de un río.  ",E,37,E37,1,2,0.1,,DURACELL PLUS,SanDisk,64GB,Extreme,China,32,Med,02:00:00,01:00:00,60,120,None,X,X,Sí,01/11/00,,,Si,Si,Si,,,
100,Priego Convento San Miguel ,40.4490583,-2.28307,Castilla-La Mancha,Cuenca,José Javier Taravilla Canales,WK57,WK67,Estación 5,No,2453AC0264D66BAC,IP_078,109,SEO,Audiomoth,v.1.2.0,23/02/25,,09/07/25,,23/02/25,17:50:00,09/07/25,22:37:00,136,31280,23/02/25,17:50:00,29/07/25,22:22:00,156,35880,En una ladera de la hoz del estrecho de Priego. Mayor mente pinar. ,Tronco de un ciprés ,A,18,A18,-99,1,1.65,,DURACELL PLUS,SanDisk,64GB,Extreme,China,32,Med,02:00:00,01:00:00,60,120,None,X,X,Sí,01/11/00,,,Si,Si,Si,,,
57,Uceda_Tanatorio_P2,40.838056,-3.468889,Castilla-La Mancha,Guadalajara,Alfonso Paradela Guerreira,VL62,,Estación 2,No,2453AC0264D66B1B,IP_094,66,SEO,Audiomoth,v.1.2.0,23/02/25,,01/07/25,,23/02/25,17:55:00,01/07/25,22:42:00,128,29440,23/02/25,17:55:00,01/07/25,22:42:00,128,29440,F 41 0102,"Sobre árbol, detrás de cementerio ",F,41,F41,1,2,4,,DURACELL PLUS,SanDisk,64GB,Extreme,China,32,Med,02:00:00,01:00:00,60,120,None,X,X,Sí,01/11/00,,,Si,Si,Si,,,
78,Romanones_pueblo,40.569498,-2.986402,Castilla-La Mancha,Guadalajara,Belén Ruiz de Diego,WK09,,Estación 3,Si,245AAA0563ED899B,IP_112,87,SEO,Audiomoth,v.1.2.0,01/01/25,,06/07/25,,23/02/25,18:00:00,06/07/25,22:47:00,133,30590,23/02/25,18:00:00,11/08/25,22:17:00,169,38870,"Humanizado pueblo poca, zona pinar en kas afueras del pueblo de menos de 150 hab",Tronco pino,E,37,E37,1,1,2,,DURACELL PLUS,SanDisk,64GB,Extreme,China,32,Med,02:00:00,01:00:00,60,120,None,X,X,Sí,01/11/00,,,No,Si,Si,,NO GRABA GRAVES,
142,,40.508181,-2.980465,Castilla-La Mancha,Guadalajara,Susana Alcolea Cuerda,WK08,,Estación 3,,24E1440863B41E1C,IP_095,0,SEO,Audiomoth,v.1.2.0,23/02/25,,11/08/25,,23/02/25,17:55:00,11/08/25,22:11:00,169,38870,23/02/25,17:55:00,11/08/25,22:11:00,169,38870,A17/-/02,,A,17,A17,-99,2,,,DURACELL PLUS,SanDisk,64GB,Extreme,China,32,Med,02:00:00,01:00:00,60,120,None,X,X,Sí,01/11/00,,,Si,Si,Si,,,No la tenemos pero Virginia se ve que sí
16,Malpica_Mora_Toledo,39.775029,-3.698643,Castilla-La Mancha,Toledo,Federico Ojeda Gimeno,VK40,,Estación 3,No,243B1F026486FDFF,SEO_006,22,SEO,Audiomoth,v.1.2.0,26/02/25,,24/06/25,,26/02/25,18:05:00,29/04/25,20:02:00,62,14260,23/02/25,18:00:00,29/04/25,20:02:00,65,14950,A/03/-/01 (Pinar Isla en zona agrícola) ,Sobre la rama de una Encina de unos 7m,A,3,A3,-99,1,4,"Seguía bien colocada, no se ha movido y con las inscripciones perfectamente legibles",DURACELL PLUS,SanDisk,64GB,Extreme,Taiwan,32,Med,02:00:00,01:00:00,60,120,None,X,X,SÍ,01/11/00,,,Si,Si,Si,,,
17,"Ruinas frente al apeadero de Huerta de Valdecarábanos, Toledo",39.816521,-3.653793,Castilla-La Mancha,Toledo,Federico Ojeda Gimeno,VK40,,Estación 2,No,24E144036487043A,SEO_019,23,SEO,Audiomoth,v.1.2.0,26/02/25,,24/06/25,,26/02/25,18:05:00,29/04/25,20:14:00,62,14260,23/02/25,18:00:00,29/04/25,20:14:00,65,14950,E/37/01/01 (ruinas en mosaico agrario) ,"Sobre rama de un almendro de unos 4,5m, cerca hay una carretera y una vía de ferrocarril",E,37,E37,1,1,3.5,"Se mantiene bien colocada pero se ha borrado completamente la inscripción de la tarjeta plastificada, sin embargo se mantiene perfectamente la hecha con indeleble sobre la carcasa",DURACELL PLUS,SanDisk,64GB,Extreme,Taiwan,32,Med,02:00:00,01:00:00,60,120,None,X,X,SÍ,01/11/00,,,Si,Si,Si,,,
18,Cortijo_de_San_Blas_La_Guardia_Toledo,39.775954,-3.607734,Castilla-La Mancha,Toledo,Federico Ojeda Gimeno,VK40,,Estación 5,No,24F3190464870321,SEO_043,24,SEO,Audiomoth,v.1.2.0,26/02/25,,24/06/25,,26/02/25,18:05:00,28/04/25,21:29:00,61,14030,23/02/25,18:00:00,28/04/25,21:29:00,64,14720,"E/31/-/- (rodal de pinos junto a ruinas, en zona agrícola) ",Sobre rama colgante de un pino de unos 15m,E,31,E31,-99,-99,3,Sigue bien colocada y con inscripciones en perfecto estado,DURACELL PLUS,SanDisk,64GB,Extreme,Taiwan,32,Med,02:00:00,01:00:00,60,120,None,X,X,SÍ,01/11/00,,,Si,Si,Si,,NO GRABA GRAVES,
21,DEPOSITO_AGUA_DE_CERVERA_DE_LOS_MONTES,40.046165,-4.826502,Castilla-La Mancha,Toledo,Manuel Salcedo Moracho,UK73,,Estación 3,No,24E144036486FD1B,SEO_048,27,SEO,Audiomoth,v.1.2.0,23/02/25,,22/06/25,,23/02/25,18:00:00,28/04/25,21:11:00,64,14720,23/02/25,18:00:00,28/04/25,21:11:00,64,14720,A214,RAMA DE ENCINA,E,37,E37,1,1,3,ESTÁ A 200 M. DE UN CAMINO VECINAL ASFALTADO,DURACELL PLUS,SanDisk,64GB,Extreme,Taiwan,32,Med,02:00:00,01:00:00,60,120,None,X,X,Sí,01/11/00,,,Si,Si,Si,,,
22,"PARAJE ""CERRO DEL CURA"", CERVERA DE LOS MONTES",40.044118,-4.800882,Castilla-La Mancha,Toledo,Manuel Salcedo Moracho,UK73,,Estación 4,No,24F319046486FA7A,SEO_022,28,SEO,Audiomoth,v.1.2.0,23/02/25,,22/06/25,,23/02/25,18:00:00,28/04/25,21:52:00,64,14720,23/02/25,18:00:00,28/04/25,21:52:00,64,14720,A214,RAMA DE ENEBRO,E,37,E37,1,1,2,LA GRABADORA SE COLOCÓ EN LA CIMA DE UN MONTE DE DIFÍCIL ACCESO Y A 300 M. DE UN CAMINO VECINAL,DURACELL PLUS,SanDisk,64GB,Extreme,Taiwan,32,Med,02:00:00,01:00:00,60,120,None,X,X,Sí,01/11/00,,,Si,Si,Si,,,
42,"Finca La Aceitunilla, término de La Pueblanueva (Toledo)",39.866033,-4.782697,Castilla-La Mancha,Toledo,Eugenio Garrido López,UK41,,Estación 1,No,242A26056486FD28,SEO_047,50,SEO,Audiomoth,v.1.2.0,26/02/25,,23/06/25,,26/02/25,18:05:00,27/04/25,21:14:00,60,13800,23/02/25,18:00:00,27/04/25,21:14:00,63,14490,E34 olivar,"Olivar. Punto de instalación apartado de carretera y de la casa de la finca, aunquee cerca del camino de acceso a la misma",E,34,E34,-99,-99,2.3,,DURACELL PLUS,SanDisk,64GB,Extreme,Taiwan,32,Med,02:00:00,01:00:00,60,120,None,X,X,Sí,01/11/00,,,Si,Si,Si,,,
88,Mejorada-Velada estación 1,40.010917,-4.894778,Castilla-La Mancha,Toledo,Miguel Ángel de la Cruz Alemán,UK33,,Estación 1,No,248D9B0164870296,SEO_011,97,SEO,Audiomoth,v.1.2.0,01/03/25,,07/07/25,,09/03/25,18:15:00,23/04/25,21:54:00,45,10350,23/02/25,18:00:00,23/04/25,21:54:00,59,13570,Encinar adehesado con ganadería y huertos. Afueras de la población de Mejorada (Toledo),"Rama en encina pequeña o chaparro, junto a un camino.",A,14,A14,2,2,1.8,X,DURACELL PLUS,SanDisk,64GB,Extreme,Taiwan,32,Med,02:00:00,01:00:00,60,120,None,X,X,Sí,01/11/00,,,Si,Si,Si,,,
89,Mejorada-Velada estación 4,40.01045,-4.954025,Castilla-La Mancha,Toledo,Miguel Ángel de la Cruz Alemán,UK33,,Estación 4,No,24F319046486FE67,SEO_050,98,SEO,Audiomoth,v.1.2.0,01/03/25,,07/07/25,,01/03/25,18:05:00,07/07/25,22:42:00,128,29440,23/02/25,18:00:00,14/07/25,22:42:00,141,32430,Alcornocal de repoblación y cultivos de secano.,Rama de alcornoque de mediano tamaño.,E,31,E31,-99,-99,2.5,X,DURACELL PLUS,SanDisk,64GB,Extreme,China,32,Med,02:00:00,01:00:00,60,120,None,X,X,Sí,01/11/00,,,Si,Si,Si,,,
90,Mejorada-Velada estación 5,40.029523,-4.959615,Castilla-La Mancha,Toledo,Miguel Ángel de la Cruz Alemán,UK33,,Estación 5,No,248D9B016486FA6D,SEO_017,99,SEO,Audiomoth,v.1.2.0,01/03/25,,07/07/25,,01/03/25,18:00:00,29/04/25,20:29:00,59,13570,23/02/25,18:00:00,29/04/25,20:29:00,65,14950,Bosque de ribera y cultivo de secano.,Rama de sauce de gran tamaño.,A,23,A23,1,1,4.2,X,DURACELL PLUS,SanDisk,64GB,Extreme,Taiwan,32,Med,02:00:00,01:00:00,60,120,None,X,X,Sí,01/11/00,,,Si,Si,Si,,,
140,Abocador del Garraf - La Morella,41.292136,1.917385,Cataluña,Barcelona,Rafael González de Lucas,DF07,,Estación 1,Si,243B1F0563B3BE53,IP_025,150,SEO,Audiomoth,v.1.2.0,23/02/25,,01/07/25,,23/02/25,17:35:00,01/07/25,22:27:00,128,29440,23/02/25,17:35:00,23/07/25,21:41:00,150,34500,F43,Tronco de un pequeño aladierno en zona muy abierta del matorral en zona rocosa junto a un vertedero clausurado y restaurado,F,43,F43,-99,-99,1.5,,DURACELL PLUS,SanDisk,64GB,Extreme,China,32,Med,02:00:00,01:00:00,60,120,None,X,X,Sí,01/11/00,,,Si,Si,Si,,,
141,Penya del Moro,41.347044,1.939545,Cataluña,Barcelona,Rafael González de Lucas,DF17,,Estación 1,Si,24F3190163B3BE2C,IP_027,151,SEO,Audiomoth,v.1.2.0,23/02/25,,01/07/25,,23/02/25,17:35:00,01/07/25,22:27:00,128,29440,23/02/25,17:35:00,20/07/25,22:05:00,147,33810,A32,En el tronco de un pino asomado al cantil,C,28,C28,-99,-99,2,,DURACELL PLUS,SanDisk,64GB,Extreme,China,32,Med,02:00:00,01:00:00,60,120,None,X,X,Sí,01/11/00,,,Si,Si,Si,,,
53,Navata_punt 2,42.202571,2.848088,Cataluña,Girona,Gemma Hurtado Orejuela,DG87,,Estación 2,No,248D9B016486F916,SEO_032,62,SEO,Audiomoth,v.1.2.0,10/03/25,,01/07/25,,09/03/25,16:45:00,11/05/25,19:11:00,63,14490,09/03/25,16:45:00,11/05/25,19:11:00,63,14490,A18-02,Tronco de un roble,A,18,A18,-99,2,1.9,,DURACELL PLUS,SanDisk,64GB,Extreme,Taiwan,32,Med,02:00:00,01:00:00,60,120,None,X,X,Sí,01/11/00,,,Si,Si,Si,,,
54,Navata_3,42.203931,2.870592,Cataluña,Girona,Gemma Hurtado Orejuela,DG87,,Estación 3,No,247AA50864D66BBC,IP_038,63,SEO,Audiomoth,v.1.2.0,10/03/25,,01/07/25,,10/03/25,16:50:00,01/07/25,21:27:00,113,25990,09/03/25,16:45:00,29/07/25,21:12:00,142,32660,A15-01,Tronco encina,A,15,A15,-99,1,1.7,,DURACELL PLUS,SanDisk,64GB,Extreme,China,32,Med,02:00:00,01:00:00,60,120,None,X,X,Sí,01/11/00,,,Si,Si,Si,,,
1,Monte_Valdelatas_1,40.538445,-3.688811,Comunidad de Madrid,Madrid,Iván Fernández Clemente,VK48,,Estación 1,Si,245AAA0563ED8A47,IP_133,7,SEO,Audiomoth,v.1.2.0,22/02/25,,19/06/25,,23/02/25,17:55:00,19/06/25,22:42:00,116,26680,23/02/25,17:55:00,11/08/25,22:17:00,169,38870,A22,Árbol tronco,A,2,A2,-99,1,2,,DURACELL PLUS,SanDisk,64GB,Extreme,China,32,Med,02:00:00,01:00:00,60,120,None,X,X,SÍ,01/11/00,,,Si,Si,Si,,NO GRABA GRAVES,
2,Monte_Valdelatas_2,40.532756,-3.687896,Comunidad de Madrid,Madrid,Iván Fernández Clemente,VK48,,Estación 1,Si,242A260463ED839A,IP_131,8,SEO,Audiomoth,v.1.2.0,22/02/25,,19/06/25,,23/02/25,17:55:00,19/06/25,22:42:00,116,26680,23/02/25,17:55:00,19/06/25,22:42:00,116,26680,A22,Tronco Arbol,A,14,A14,2,1,3,Cambio de sitio al mes porque vi que iban a podar árbol donde estaba colocada,DURACELL PLUS,SanDisk,64GB,Extreme,China,32,Med,02:00:00,01:00:00,60,120,None,X,X,SÍ,01/11/00,,,Si,Si,Si,,,
3,Navalcarnero_Noctua2,40.3394462,-3.9783446,Comunidad de Madrid,Madrid,Unai Fuente Gómez,VK16,,Estación 2,No,24F319046486FE32,SE0_004,9,SEO,Audiomoth,v.1.2.0,22/02/25,,21/06/25,,23/02/25,18:00:00,29/04/25,20:44:00,65,14950,23/02/25,18:00:00,29/04/25,20:44:00,65,14950,A14-02-01,"En una rama secundario de encina, en su parte media-alta de la copa. Algo expuesta al aire en sus laterales pero cubierta por arriba y abajo por hojas y ramas.",A,14,A14,2,1,5,,DURACELL PLUS,SanDisk,64GB,Extreme,Taiwan,32,Med,02:00:00,01:00:00,60,120,None,X,X,SÍ,01/11/00,,,Si,Si,Si,,,
4,Navalcarnero_Noctua1,40.3483101,-3.9558885,Comunidad de Madrid,Madrid,Unai Fuente Gómez,VK16,,Estación 1,No,242A260564870733,SEO_013,10,SEO,Audiomoth,v.1.2.0,22/02/25,,21/06/25,,23/02/25,18:00:00,29/04/25,21:08:00,65,14950,23/02/25,18:00:00,29/04/25,21:08:00,65,14950,A14-02-01,"En una rama secundaria de una encina, en la parte media-alta de la copa. Bastante expuesta al aire por haber pocas hojas en las ramas circundantes de la encina.",A,14,A14,2,1,5,,DURACELL PLUS,SanDisk,64GB,Extreme,Taiwan,32,Med,02:00:00,01:00:00,60,120,None,X,X,SÍ,01/11/00,,,Si,Si,Si,,,
11,Laguna_Velilla_Cortado,40.359111,-3.505197,Comunidad de Madrid,Madrid,Iván Fernández Clemente,VK56,,Estación 1,Si,249C600363ED89F7,IP_137,17,SEO,Audiomoth,v.1.2.0,22/02/25,,22/06/25,,23/02/25,17:55:00,22/06/25,22:41:00,119,27370,23/02/25,17:55:00,11/08/25,22:17:00,169,38870,D300102,Tronco,D,30,D30,1,2,3,,DURACELL PLUS,SanDisk,64GB,Extreme,Malaysia,32,Med,02:00:00,01:00:00,60,120,None,X,X,SÍ,01/11/00,,,No,Si,Si,,Cambia Carcasa por la de IP_137 (NO GRABA GRAVES),
14,Monte_Pardo_Bosque_Ribera,40.529525,-3.789172,Comunidad de Madrid,Madrid,Iván Fernández Clemente,VK38,,Estación 5,Si,2453AC0263ED899B,IP_130,20,SEO,Audiomoth,v.1.2.0,22/02/25,,23/06/25,,23/02/25,18:00:00,23/06/25,22:38:00,120,27600,23/02/25,18:00:00,11/08/25,22:17:00,169,38870,A230101,Tronco,A,23,A23,1,1,3,Al lado del rio,DURACELL PLUS,SanDisk,64GB,Extreme,Malaysia,32,Med,02:00:00,01:00:00,60,120,None,X,X,SÍ,01/11/00,,,No,Si,Si,,Cambia Carcasa por la de IP_006 (NO GRABA GRAVES),
15,Monte_Pardo_Encinas,40.506567,-3.745614,Comunidad de Madrid,Madrid,Iván Fernández Clemente,VK38,,Estación 1,Si,2453AC0263ED8445,IP_128,21,SEO,Audiomoth,v.1.2.0,22/02/25,,23/06/25,,23/02/25,18:00:00,23/06/25,22:47:00,120,27600,23/02/25,18:00:00,11/08/25,22:17:00,169,38870,A1502,Encina rama,A,15,A15,-99,2,3,,DURACELL PLUS,SanDisk,64GB,Extreme,Malaysia,32,Med,02:00:00,01:00:00,60,120,None,X,X,SÍ,01/11/00,,,No,Si,Si,,SE CAMBIA CARCASA POR LA DE IP_133 (NO GRABA GRAVES),
23,La Cepilla,40.411225,-4.07236,Comunidad de Madrid,Madrid,José María Carreras Sanz,VK07,,Estación 1,No,243B1F026488F66C,SEO_014,29,SEO,Audiomoth,v.1.2.0,22/02/25,,23/06/25,,23/02/25,17:55:00,29/04/25,20:29:00,65,14950,23/02/25,17:55:00,29/04/25,20:29:00,65,14950,A-14-01-01.,En la rama de una encina,A,14,A14,1,1,2.5,,DURACELL PLUS,SanDisk,64GB,Extreme,Taiwan,32,Med,02:00:00,01:00:00,60,120,None,X,X,Sí,01/11/00,,,No,Si,Si,,,
25,Navalagamella,40.460541,-4.112319,Comunidad de Madrid,Madrid,José María Carreras Sanz,VK07,,Estación 5,No,24F3190464870347,SEO_018,31,SEO,Audiomoth,v.1.2.0,22/02/25,,22/06/25,,23/02/25,17:55:00,28/04/25,21:20:00,64,14720,23/02/25,17:55:00,28/04/25,21:20:00,64,14720,A-14-02-02,En la rama de una encina,A,14,A14,2,2,2.5,,DURACELL PLUS,SanDisk,64GB,Extreme,Taiwan,32,Med,02:00:00,01:00:00,60,120,None,X,X,Sí,01/11/00,,,Si,Si,Si,,,
30,Cerros Alcalá Noctua 5,40.4697449,-3.3526651,Comunidad de Madrid,Madrid,Jose Carlos Pastor García,VK78,VK77,Estación 5,No,24F3190863ED850A,IP_145,36,SEO,Audiomoth,v.1.2.0,22/02/25,,26/06/25,,23/02/25,17:55:00,26/06/25,22:48:00,123,28290,23/02/25,17:55:00,29/07/25,22:32:00,156,35880,A 02 3 01,Tronco de un pino,A,2,A2,-99,1,2,,DURACELL PLUS,SanDisk,64GB,Extreme,Malaysia,32,Med,02:00:00,01:00:00,60,120,None,X,X,Sí,01/11/00,,,No,Si,Si,,SE CAMBIA CARCASA POR LA DE IP_133 (NO GRABA GRAVES),
31,Cerros Alcalá Noctua 4,40.4727628,-3.3410246,Comunidad de Madrid,Madrid,Jose Carlos Pastor García,VK78,,Estación 4,No,24F3190863ED8A2B,IP_143,37,SEO,Audiomoth,v.1.2.0,22/02/25,,26/06/25,,23/02/25,17:55:00,26/06/25,22:47:00,123,28290,23/02/25,17:55:00,29/07/25,22:32:00,156,35880,A03301,En un tronco de pino ,B,25,B25,-99,-99,1.8,,DURACELL PLUS,SanDisk,64GB,Extreme,Malaysia,32,Med,02:00:00,01:00:00,60,120,None,X,X,Sí,01/11/00,,,Si,Si,Si,,,
32,SevillaLaNueva_Carril_Carboneros,40.373208,-4.025156,Comunidad de Madrid,Madrid,José Manuel Altares Crespo,VK16,,Estación 1,No,248D9B01648701FE,SEO_003,38,SEO,Audiomoth,v.1.2.0,23/02/25,,25/06/25,,23/02/25,17:55:00,19/04/25,21:42:00,55,12650,23/02/25,17:55:00,19/04/25,21:42:00,55,12650,A1502,Sobre una encina.,A,15,A15,-99,2,3.4,Orientación del micrófono: 300º NO. ,DURACELL PLUS,SanDisk,64GB,Extreme,Taiwan,32,Med,02:00:00,01:00:00,60,120,None,X,X,Sí,01/11/00,,,No,Si,Si,,,
34,Compostadora Villanueva de la Canada,40.434458,-4.02395,Comunidad de Madrid,Madrid,José Manuel Altares Crespo,VK17,,Estación 3,No,24E144036486FD35,SEO_007,40,SEO,Audiomoth,v.1.2.0,23/02/25,,25/06/25,,23/02/25,17:55:00,29/04/25,21:20:00,65,14950,23/02/25,17:55:00,29/04/25,21:20:00,65,14950,E31,Sobre una encina solitaria.,E,31,E31,-99,-99,4.2,Orientación del micrófono: 109ºE,DURACELL PLUS,SanDisk,64GB,Extreme,Taiwan,32,Med,02:00:00,01:00:00,60,120,None,X,X,Sí,01/11/00,,,Si,Si,Si,,,
35,VC Camino de la casa de la Vilanosa,40.440281,-3.980175,Comunidad de Madrid,Madrid,José Manuel Altares Crespo,VK17,,Estación 4,No,24F319046486F8F0,SEO_012,41,SEO,Audiomoth,v.1.2.0,23/02/25,,25/06/25,,23/02/25,17:55:00,27/04/25,21:14:00,63,14490,23/02/25,17:55:00,27/04/25,21:14:00,63,14490,A140101,Sobre un encina de gran porte.,A,14,A14,1,1,6,Orientación del micrófono: 28ºNE,DURACELL PLUS,SanDisk,64GB,Extreme,Taiwan,32,Med,02:00:00,01:00:00,60,120,None,X,X,Sí,01/11/00,,,Si,Si,Si,,,
36,Cerros Alcalá Noctua 3,40.477095,-3.326463,Comunidad de Madrid,Madrid,Jose Carlos Pastor García,VK78,,Estación 3,No,24F3190863ED84E3,IP_141,44,SEO,Audiomoth,v.1.2.0,22/02/25,,26/06/25,,23/02/25,17:55:00,26/06/25,22:47:00,123,28290,23/02/25,17:55:00,29/07/25,22:32:00,156,35880,A03303,En un tronco de pino ,A,2,A2,-99,1,3,,DURACELL PLUS,SanDisk,64GB,Extreme,Malaysia,32,Med,02:00:00,01:00:00,60,120,None,X,X,Sí,01/11/00,,,No,Si,Si,,SE CAMBIA CARCASA POR LA DE IP_097 (NO GRABA GRAVES),
37,Cerros Alcalá Noctua 2,40.483094,-3.315073,Comunidad de Madrid,Madrid,Jose Carlos Pastor García,VK78,,Estación 2,No,242A260463EDF48E,IP_140,45,SEO,Audiomoth,v.1.2.0,22/02/25,,26/06/25,,23/02/25,17:55:00,26/06/25,22:47:00,123,28290,23/02/25,17:55:00,29/07/25,22:32:00,156,35880,A02302,En un tronco de pino ,E,31,E31,-99,-99,2,,DURACELL PLUS,SanDisk,64GB,Extreme,Malaysia,32,Med,02:00:00,01:00:00,60,120,None,X,X,Sí,01/11/00,,,Si,Si,Si,,,
40,Cerros Alcalá Noctua 1,40.4842179,-3.3003512,Comunidad de Madrid,Madrid,Jose Carlos Pastor García,VK78,,Estación 1,No,24E1440163ED8517,IP_139,48,SEO,Audiomoth,v.1.2.0,22/02/25,,26/06/25,,23/02/25,17:55:00,26/06/25,22:47:00,123,28290,23/02/25,17:55:00,29/07/25,22:32:00,156,35880,B26,En el tronco de un matorral ,B,26,B26,-99,-99,1.7,,DURACELL PLUS,SanDisk,64GB,Extreme,Malaysia,32,Med,02:00:00,01:00:00,60,120,None,X,X,Sí,01/11/00,,,Si,Si,Si,,,
48,Moralzarzal_Gabarrera,40.723083,-3.984139,Comunidad de Madrid,Madrid,Begoña Álvarez Fernández,VL10,,Estación 2,No,249C600363EDF48E,IP_111,57,SEO,Audiomoth,v.1.2.0,25/02/25,,28/06/25,,25/02/25,18:00:00,28/06/25,22:47:00,123,28290,23/02/25,18:00:00,29/07/25,22:32:00,156,35880,"Arbolado - Mezcla pinares, abetales y enebros - matorral >25%","En el tronco de un enebro en la zona de la copa y entre las ramas, a 100 metros de un camino y en las inmediaciones de un polígono pequeño ",A,2,A2,-99,2,2,,DURACELL PLUS,SanDisk,64GB,Extreme,China,32,Med,02:00:00,01:00:00,60,120,None,X,X,Sí,01/11/00,,,Si,Si,Si,,,
49,Morcuera,40.834504,-3.800105,Comunidad de Madrid,Madrid,Daniel Díaz Díaz,VL32,,Estación 3,Si,24E1440163EDF425,IP_114,58,SEO,Audiomoth,v.1.2.0,21/02/25,,30/06/25,,23/02/25,18:00:00,04/06/25,22:37:00,101,23230,23/02/25,18:00:00,04/06/25,22:37:00,101,23230,A1102,Tronco de un roble,A,11,A11,-99,2,4,,DURACELL PLUS,SanDisk,64GB,Extreme,China,32,Med,02:00:00,01:00:00,60,120,None,X,X,Sí,01/11/00,,,Si,Si,Si,,,
50,Valle_Bustarviejo,40.838602,-3.744554,Comunidad de Madrid,Madrid,Daniel Díaz Díaz,VL32,,Estación 2,Si,24E1440163ED8FC2,IP_113,59,SEO,Audiomoth,v.1.2.0,21/02/25,,30/06/25,,23/02/25,17:55:00,29/06/25,22:47:00,126,28980,23/02/25,17:55:00,29/06/25,22:47:00,126,28980,E370101,Tronco de un fresno,E,37,E37,1,1,2.5,Arroyo cercano,DURACELL PLUS,SanDisk,64GB,Extreme,China,32,Med,02:00:00,01:00:00,60,120,None,X,X,Sí,01/11/00,,,Si,Si,Si,,,
51,Ctra_Canencia,40.84008,-3.768299,Comunidad de Madrid,Madrid,Daniel Díaz Díaz,VL32,,Estación 4,Si,249C600363ED89CF,IP_116,60,SEO,Audiomoth,v.1.2.0,21/02/25,,30/06/25,,23/02/25,17:55:00,30/06/25,22:47:00,127,29210,23/02/25,17:55:00,11/08/25,22:17:00,169,38870,A1102,Tronco de roble,A,11,A11,-99,2,4,,DURACELL PLUS,SanDisk,64GB,Extreme,China,32,Med,02:00:00,01:00:00,60,120,None,X,X,Sí,01/11/00,,,Si,Si,Si,,,
61,Manzanares_rodaje,40.7428,-3.85778,Comunidad de Madrid,Madrid,Edward Hawkswoth,VL21,,Estación 1,No,2474750763EDF474,IP_117,70,SEO,Audiomoth,v.1.2.0,22/02/25,,30/06/25,,23/02/25,17:55:00,29/06/25,22:47:00,126,28980,23/02/25,17:55:00,29/06/25,22:47:00,126,28980,B26,en un tronco de enebro,B,26,B26,-99,-99,1,,DURACELL PLUS,SanDisk,64GB,Extreme,China,32,Med,02:00:00,01:00:00,60,120,None,X,X,Sí,01/11/00,,,Si,Si,Si,,,
64,Manzanares_Quebrantaherraduras,40.737919,-3.896036,Comunidad de Madrid,Madrid,Edward Hawkswoth,VL21,,Estación 3,No,245AAA0563ED8445,IP_119,73,SEO,Audiomoth,v.1.2.0,22/02/25,,01/07/25,,23/02/25,17:55:00,30/06/25,20:50:00,127,29210,23/02/25,17:55:00,30/06/25,20:50:00,127,29210,A03,en el tronco de un enebro,A,3,A3,-99,2,1,,DURACELL PLUS,SanDisk,64GB,Extreme,China,32,Med,02:00:00,01:00:00,60,120,None,X,X,Sí,01/11/00,,,Si,Si,Si,,,
65,Manzanares_Cantocochino,40.750402,-3.902212,Comunidad de Madrid,Madrid,Edward Hawkswoth,VL21,,Estación 4,No,245AAA0563ED850A,IP_122,74,SEO,Audiomoth,v.1.2.0,22/02/25,,01/07/25,,23/02/25,17:55:00,30/06/25,20:47:00,127,29210,23/02/25,17:55:00,30/06/25,20:47:00,127,29210,A3,en un tronco de pino,A,3,A3,-99,1,4,,DURACELL PLUS,SanDisk,64GB,Extreme,Malaysia,32,Med,02:00:00,01:00:00,60,120,None,X,X,Sí,01/11/00,,,No,Si,Si,,GRABA POCO,
66,Manzanares_fuente retén,40.758535,-3.927142,Comunidad de Madrid,Madrid,Edward Hawkswoth,VL21,,Estación 5,No,245AAA0563ED8A2B,IP_118,75,SEO,Audiomoth,v.1.2.0,22/02/25,,01/07/25,,23/02/25,18:00:00,30/06/25,20:47:00,127,29210,23/02/25,18:00:00,30/06/25,20:47:00,127,29210,A3,en un tronco de pino,A,3,A3,-99,1,4,,DURACELL PLUS,SanDisk,64GB,Extreme,Malaysia,32,Med,02:00:00,01:00:00,60,120,None,X,X,Sí,01/11/00,,,Si,Si,Si,,,
138,Santa María de la Alameda,40.586331,-4.258395,Comunidad de Madrid,Madrid,Ińaki Busturia Cerezo,UK99,,Estación 3,Si,2453AC0263ED8A47,IP_127,148,SEO,Audiomoth,v.1.2.0,23/03/25,,22/06/25,,23/03/25,18:30:00,22/06/25,22:47:00,91,20930,23/03/25,18:30:00,11/08/25,22:17:00,141,32430,18 01,Colocada sobre una encina,A,18,A18,-99,1,2.5,En esta estación no se suele oir ninguna ave,DURACELL PLUS,SanDisk,64GB,Extreme,China,32,Med,02:00:00,01:00:00,60,120,None,X,X,Sí,01/11/00,,,Si,Si,Si,,,
33,Noctua 3 Zuhaitz berezia ,43.2042667,-1.5531774,Comunidad Foral de Navarra,Navarra,Xabier Etxarri Goñi,XN18,,Estación 3,No,24F319046486FDFF,SEO_073,39,SEO,Audiomoth,v.1.2.0,10/03/25,,26/06/25,,10/03/25,17:05:00,25/04/25,19:54:00,46,10580,23/02/25,17:45:00,25/04/25,19:54:00,61,14030,A1602,En un tronco,A,16,A16,-99,2,2,La tuvo que volver a configurar,DURACELL PLUS,SanDisk,64GB,Extreme,Taiwan,32,Med,02:00:00,01:00:00,60,120,None,X,X,Sí,01/11/00,,,No,Si,Si,,SE CAMBIA CARCASA POR LA DE IP_103 (NO GRABA GRAVES),
59,Alsasua_Sarabe,42.92025972,-2.146689462,Comunidad Foral de Navarra,Navarra,Ignacio Bergara Bergera,WN65,,Estación 4,Si,2453AC0463B3BE39,IP_096,68,SEO,Audiomoth,v.1.2.0,02/03/25,,13/06/25,,02/03/25,17:55:00,13/06/25,22:47:00,103,23690,23/02/25,17:50:00,11/08/25,22:17:00,169,38870,C27,En la rama de un sauco que ha crecido en la ruina de una casa solitaria.,C,27,C27,-99,-99,2.5,,DURACELL PLUS,SanDisk,64GB,Extreme,China,32,Med,02:00:00,01:00:00,60,120,None,X,X,Sí,01/11/00,,,Si,Si,Si,,,
24,Torrente_Morredondo,39.393677,-0.524191,Comunidad Valenciana,Valencia,Juan Bautista Sorli Guerola,YJ16,,Estación 1,No,2466BE0464D66E0E,IP_087,30,SEO,Audiomoth,v.1.2.0,25/02/25,,24/06/25,,25/02/25,17:55:00,24/06/25,22:37:00,119,27370,23/02/25,17:50:00,29/07/25,22:22:00,156,35880,E36,En un Algarrobo ,E,36,E36,-99,-99,4,,DURACELL PLUS,SanDisk,64GB,Extreme,China,32,Med,02:00:00,01:00:00,60,120,None,X,X,Sí,01/11/00,,,Si,Si,Si,,,
26,Picassent _Ninerola,39.365747,-0.529561,Comunidad Valenciana,Valencia,Juan Bautista Sorli Guerola,YJ16,,Estación 2,No,243EBE0164D66BBC,IP_085,32,SEO,Audiomoth,v.1.2.0,25/02/25,,24/06/25,,25/02/25,17:55:00,24/06/25,22:37:00,119,27370,23/02/25,17:50:00,29/07/25,22:22:00,156,35880,A0202,"En una olivera abandonada, es como un matorral grande",A,2,A2,-99,2,2.5,,DURACELL PLUS,SanDisk,64GB,Extreme,China,32,Med,02:00:00,01:00:00,60,120,None,X,X,Sí,01/11/00,,,Si,Si,Si,,,
41,P. Natural Serra Calderona: Garbí.,39.6943,-0.38519,Comunidad Valenciana,Valencia,Luis Martí Barranco,YJ29,,Estación 3,Si,24F31904648702C9,SEO_020,49,SEO,Audiomoth,v.1.2.0,22/02/25,,26/06/25,,23/02/25,17:45:00,27/04/25,20:53:00,63,14490,23/02/25,17:45:00,27/04/25,20:53:00,63,14490,A 02 02,Sobre tronco principal de Pinus halepensis.,A,2,A2,-99,2,3,"Zona protegida, es P. Natural, pero con graves incendios en los últimos 50 años. No mucha contaminación acústica, en principio.",DURACELL PLUS,SanDisk,64GB,Extreme,Taiwan,32,Med,02:00:00,01:00:00,60,120,None,X,X,Sí,01/11/00,,,Si,Si,Si,,,
43,MAS DE MOIA,39.719194,-0.594333,Comunidad Valenciana,Valencia,Pepe Alcácer Martínez,YJ09,,Estación 4,No,243B1F026486F995,SEO_030,51,SEO,Audiomoth,v.1.2.0,22/02/25,,27/06/25,,23/02/25,17:45:00,27/04/25,21:20:00,63,14490,23/02/25,17:45:00,27/04/25,21:20:00,63,14490,E36,En un troncos ,E,36,E36,-99,-99,1.8,,DURACELL PLUS,SanDisk,64GB,Extreme,Taiwan,32,Med,02:00:00,01:00:00,60,120,None,X,X,Sí,01/11/00,,,Si,Si,Si,,,
44,Maimona ,39.653278,-0.563694,Comunidad Valenciana,Valencia,Pepe Alcácer Martínez,YJ09,,Estación 5,No,24F31904648703FA,SEO_064,52,SEO,Audiomoth,v.1.2.0,22/02/25,,27/06/25,,23/02/25,17:45:00,27/04/25,21:29:00,63,14490,23/02/25,17:45:00,27/04/25,21:29:00,63,14490,E36,Tronco ,E,36,E36,-99,-99,1.78,,DURACELL PLUS,SanDisk,64GB,Extreme,Taiwan,32,Med,02:00:00,01:00:00,60,120,None,X,X,Sí,01/11/00,,,Si,Si,Si,,,
105,Noctua_3,39.587635,-0.679005,Comunidad Valenciana,Valencia,Francisco García Salas,XJ98,,Estación 3,Si,242A2605648701D8,SEO_009,114,SEO,Audiomoth,v.1.2.0,22/02/25,,28/06/25,,23/02/25,17:45:00,27/04/25,21:29:00,63,14490,23/02/25,17:45:00,27/04/25,21:29:00,63,14490,E3702,Tronco de arbol,E,37,E37,2,2,4,Mancha de pinar junto a campo de garroferas.,DURACELL PLUS,SanDisk,64GB,Extreme,Taiwan,32,Med,02:00:00,01:00:00,60,120,None,X,X,Sí,01/11/00,,,Si,Si,Si,,,
106,Noctua_4,39.600064,-0.69037,Comunidad Valenciana,Valencia,Francisco García Salas,XJ98,,Estación 4,Si,242A2605648702D5,SEO_025,115,SEO,Audiomoth,v.1.2.0,22/02/25,,28/06/25,,23/02/25,17:45:00,29/04/25,19:32:00,65,14950,23/02/25,17:45:00,29/04/25,19:32:00,65,14950,E370102,Zona de matorral rodeada de Pinada,E,37,E37,1,2,4,-,DURACELL PLUS,SanDisk,64GB,Extreme,Taiwan,32,Med,02:00:00,01:00:00,60,120,None,X,X,Sí,01/11/00,,,No,Si,Si,,,
107,Noctua_5,39.600066,-0.674508,Comunidad Valenciana,Valencia,Francisco García Salas,XJ98,,Estación 5,Si,24E14403648702D5,SEO_027,116,SEO,Audiomoth,v.1.2.0,22/02/25,,28/06/25,,23/02/25,17:45:00,27/04/25,21:12:00,63,14490,23/02/25,17:45:00,27/04/25,21:12:00,63,14490,E370102,Mancha de bosque junto a cultivo de almendros,E,37,E37,1,2,6,-,DURACELL PLUS,SanDisk,64GB,Extreme,Taiwan,32,Med,02:00:00,01:00:00,60,120,None,X,X,Sí,01/11/00,,,Si,Si,Si,,,
128,Estación_1,38.820737,-0.52593,Comunidad Valenciana,Valencia,Antoni Berenguer Espí,YJ10,YH19,Estación 1,No,24F319055FDEEFA0,BD_03,138,BIODAIVERSE,Audiomoth,v.1.2.0,08/03/25,,02/08/25,,08/03/25,18:00:00,28/04/25,20:50:00,51,11730,23/02/25,17:45:00,28/04/25,20:50:00,64,14720,A0302,En un tronco de pino ,A,3,A3,-99,2,2.5,Cerca hay algunas casas de campo y un camino,DURACELL PLUS,SanDisk,64GB,Extreme,Taiwan,32,Med,02:00:00,01:00:00,60,120,None,X,X,Sí,01/11/00,,,,,,,,
12,Dehesa_de_Siruela,38.958061,-5.188573,Extremadura,Badajoz,Emilio Sevillano Cabanillas,UJ11,,Estación 1,Si,2466BE0464D66BDC,IP_015,18,SEO,Audiomoth,v.1.2.0,23/02/25,,21/06/25,,23/02/25,18:10:00,21/06/25,22:52:00,118,27140,23/02/25,18:10:00,04/08/25,22:16:00,162,37260,Hábitat arbolado - encinares y alcornocales - típica dehesa - cultivos de secano y explotaciones ganaderas extensivas - poca cobertura de matorral,En el centro de una encina atada con una cuerda a una rama gruesa,A,14,A14,1,1,3,,DURACELL PLUS,SanDisk,64GB,Extreme,China,32,Med,02:00:00,01:00:00,60,120,None,X,X,SÍ,01/11/00,,,Si,Si,Si,,,
129,Collado Las Losas,40.205298,-5.739811,Extremadura,Cáceres,Silvia Peńa García,TK65,,Estación 1,No,2474750663B3BE1E,IP_051,139,SEO,Audiomoth,v.1.2.0,21/02/25,,30/06/25,,23/02/25,18:10:00,30/06/25,22:52:00,127,29210,23/02/25,18:10:00,26/07/25,22:42:00,153,35190,A10-0.2,"Roble, entre las ramas",A,10,A10,-99,2,3,,DURACELL PLUS,SanDisk,64GB,Extreme,China,32,Med,02:00:00,01:00:00,60,120,None,X,X,Sí,01/11/00,,,Si,Si,Si,,Placa un poco suelta,NO GRABA GRAVES
130,Fuente de la Pedrera,40.207684,-5.761061,Extremadura,Cáceres,Silvia Peńa García,TK65,,Estación 2,No,2403750364D66A89,IP_052,140,SEO,Audiomoth,v.1.2.0,21/02/25,,30/06/25,,23/02/25,18:10:00,30/06/25,22:52:00,127,29210,23/02/25,18:10:00,31/07/25,22:37:00,158,36340,A11,"Aliso, cerca de un pequeño curso de agua estacional",A,7,A7,-99,1,2,,DURACELL PLUS,SanDisk,64GB,Extreme,China,32,Med,02:00:00,01:00:00,60,120,None,X,X,Sí,01/11/00,,,Si,Si,Si,,,
131,Vertedero,40.217457,-5.784321,Extremadura,Cáceres,Silvia Peńa García,TK65,,Estación 3,No,2453AC0264D6865F,IP_057,141,SEO,Audiomoth,v.1.2.0,21/02/25,,30/06/25,,23/02/25,18:10:00,30/06/25,22:52:00,127,29210,23/02/25,18:10:00,30/07/25,22:37:00,157,36110,A11,"Roble pequeño, en bosquete denso de robles.",A,11,A11,-99,1,3,,DURACELL PLUS,SanDisk,64GB,Extreme,China,32,Med,02:00:00,01:00:00,60,120,None,X,X,Sí,01/11/00,,,Si,Si,Si,,,No la tenemos pero Virginia se ve que sí
10,Estorde,42.947151,-9.211304,Galicia,A Coruña,Manuel Carande Herrero,MH85,,Estación 5,Si,2474750663B3BDBE,IP_001,16,SEO,Audiomoth,v.1.2.0,23/02/25,,22/06/25,,23/02/25,18:10:00,21/06/25,23:12:00,118,27140,23/02/25,18:10:00,21/06/25,23:12:00,118,27140,F3921,En matorral debajo de un roble en el jardín de una casa en un núcleo rural disperso,F,39,F39,2,1,1.2,X,DURACELL PLUS,SanDisk,64GB,Extreme,China,32,Med,02:00:00,01:00:00,60,120,None,X,X,SÍ,01/11/00,,,Si,Si,Si,,,
27,Noceifas,42.182909,-8.231136,Galicia,Pontevedra,Javier Rodriguez Escudero,NG67,,Estación 2,Si,243B1F0563B3BE46,IP_002,33,SEO,Audiomoth,v.1.2.0,26/02/25,,23/06/25,,26/02/25,18:20:00,23/06/25,23:12:00,117,26910,23/02/25,18:15:00,29/07/25,22:57:00,156,35880,A11 01 01,En un tronco de un sauce,A,11,A11,1,1,2,,DURACELL PLUS,SanDisk,64GB,Extreme,China,32,Med,02:00:00,01:00:00,60,120,None,X,X,Sí,01/11/00,,,Si,Si,Si,,,
79,Tui_2,42.045203,-8.671117,Galicia,Pontevedra,Raquel Tejerina Segur,NG25,,Estación 2,No,2474750763ED8AE4,IP_003,88,SEO,Audiomoth,v.1.2.0,23/02/25,,05/07/25,,23/02/25,18:10:00,05/07/25,23:12:00,132,30360,23/02/25,18:10:00,27/07/25,22:57:00,154,35420,E540101,tronco de árbol,E,54,E54,1,1,2.35,"cuando la ponemos el árbol aún no tiene hojas, al final del periodo la grabadora queda más cubierta por sus propias hojas",DURACELL PLUS,SanDisk,64GB,Extreme,Malaysia,32,Med,02:00:00,01:00:00,60,120,None,X,X,Sí,01/11/00,,,Si,Si,Si,,,
116,Estación nº 3 de Nonctua en Santiago de Compostela,42.92754187,-8.540280606,Galicia,Pontevedra,Emilio Oti Cabanelas,NH35,,Estación 3,No,242A2605648702A2,SEO_037,125,SEO,Audiomoth,v.1.2.0,22/02/25,,04/07/25,,23/02/25,18:15:00,04/07/25,23:12:00,131,30130,23/02/25,18:15:00,11/08/25,22:42:00,169,38870,A.19.02,RAMA GRUESA DE UN ROBLE,A,19,A19,-99,2,1.5,SE PUEDEN ESCUCHAR PERROS EN LA LEJANÍA Y JABALÍS EN LAS PROXIMIDADES,DURACELL PLUS,SanDisk,64GB,Extreme,China,32,Med,02:00:00,01:00:00,60,120,None,X,X,Sí,01/11/00,,,Si,Si,Si,,,
13,Majal_Blanco_barranco_blanco_Murcia,37.8946927,-1.22723,Región de Murcia,Murcia,Susana Noguera Hernández,XG59,,Estación 4,No,243B1F026487037A,SEO_033,19,SEO,Audiomoth,v.1.2.0,23/02/25,,22/06/25,,23/02/25,17:50:00,27/04/25,21:35:00,63,14490,23/02/25,17:50:00,27/04/25,21:35:00,63,14490,"A0202 (Arbolado, pinares abiertos y cobertura de matorral superior al 25%)",En una rama gruesa de un pino carrasco,A,2,A2,-99,2,1.5,"Después de recoger la grabadora e introducir la tarjeta en el ordenador he comprobado que ha estado grabando desde el día 23 de febrero que fue colocada hasta el día 27 de abril de 2024, después se interrumpen las grabaciones.",DURACELL PLUS,SanDisk,64GB,Extreme,Taiwan,32,Med,02:00:00,01:00:00,60,120,None,X,X,SÍ,01/11/00,,,Si,Si,Si,,,
58,Cartagena Rambla Jarales Depósito Oxidado,37.614093,-1.116645,Región de Murcia,Murcia,Antonio Jesús Hernández Navarro,XG66,,Estación 2,No,245AAA0563FAB55B,BD_09,67,BIODAIVERSE,Audiomoth,v.1.2.0,23/02/25,,26/06/25,,23/02/25,17:50:00,20/04/25,19:48:00,56,12880,23/02/25,17:50:00,20/04/25,19:48:00,56,12880,E370102,"En la base del tronco principal de un oroval (Withania frutescens), en una linde (acumulación de piedras) en un campo de almendros y matorral silvestre",E,37,E37,1,2,0.1,"Cerca de la grabadora, a 130 metros hay una carretera secundaria; y entre 110 y 180 metros de distancia tres pequeños núcleos de viviendas rurales de apenas 2-4 viviendas (plantas bajas antiguas) donde hay algunos perros que ladran",DURACELL PLUS,SanDisk,64GB,Extreme,Taiwan,32,Med,02:00:00,01:00:00,60,120,None,X,X,Sí,01/11/00,,,,,,,,
67,"Cartagena, Subida Cabezo Negro la Muela",37.599878,-1.127093,Región de Murcia,Murcia,Antonio Jesús Hernández Navarro,XG66,,Estación 1,No,242A26056486FCF5,SEO_08,76,SEO,Audiomoth,v.1.2.0,23/02/25,,26/06/25,,23/02/25,17:50:00,28/04/25,21:11:00,64,14720,23/02/25,17:50:00,28/04/25,21:11:00,64,14720,E370102,En la base del tronco principal de un romero (Rosmarinus officinalis) inmerso en matorral con aliaga (Calycotome sp) y otras plantas de pequeño porte.,E,37,E37,1,2,0.05,"Hay una carretera secundaria a 315 m, y dos casas de campo aisladas a unos 270 metros con perros (ladran)",DURACELL PLUS,SanDisk,64GB,Extreme,Taiwan,32,Med,02:00:00,01:00:00,60,120,None,X,X,Sí,01/11/00,,,Si,Si,Si,,,
83,WH61-1 (Cortijo de la Canada),38.038104,-2.292557,Región de Murcia,Murcia,Gonzalo González Barberá,WH61,,Estación 1,Si,249C600363FABFD6,BD_10,92,BIODAIVERSE,Audiomoth,v.1.2.0,09/03/25,,29/06/25,,09/03/25,18:05:00,28/04/25,20:02:00,50,11500,09/03/25,18:05:00,28/04/25,20:02:00,50,11500,"E.AGRÍCOLAS, 31.Cultivos de secano, ","Una masa densa de Quercus rotundifolia de 16 x 10 m y 5 m de altura. A unos 40 m de un cortijo no habitado continuamente, pero frecuentemente visitado.",E,31,E31,-99,-99,2,,DURACELL PLUS,SanDisk,64GB,Extreme,Taiwan,32,Med,02:00:00,01:00:00,60,120,None,X,X,Sí,01/11/00,,,,,,,,
84,WH61-2 Subida a Casa Ayala,38.058985,-2.297142,Región de Murcia,Murcia,Gonzalo González Barberá,WH61,,Estación 2,Si,24F319046486FD0F,SEO_005,93,SEO,Audiomoth,v.1.2.0,09/03/25,,29/06/25,,09/03/25,18:05:00,28/04/25,21:35:00,50,11500,09/03/25,18:05:00,28/04/25,21:35:00,50,11500,"A.ARBOLADOS, 19.Mezclas densas de planifolias y coníferas,","Quercus rotundifolia de 4 m, ramaje claro y aislada en un claro del bosque",A,19,A19,-99,2,2.5,,DURACELL PLUS,SanDisk,64GB,Extreme,Taiwan,32,Med,02:00:00,01:00:00,60,120,None,X,X,Sí,01/11/00,,,Si,Si,Si,,Voy a pasar datos y no tiene,
85,WH61-3 Inmediaciones de Puerto Alto,38.0797,-2.279386,Región de Murcia,Murcia,Gonzalo González Barberá,WH61,,Estación 3,Si,2466C2065CC5B60D,BD_02,94,BIODAIVERSE,Audiomoth,v.1.2.0,09/03/25,,29/06/25,,09/03/25,18:05:00,26/04/25,20:23:00,48,11040,09/03/25,18:05:00,26/04/25,20:23:00,48,11040,"E.AGRÍCOLAS, 37.Mosaicos agropecuarios mediterráneos, 02.Arbolado +40%, 02.Matorral +25%","Pinus nigra de 4.5 m en el borde del bosque, con ramaje claro",E,37,E37,-99,-99,3,,DURACELL PLUS,SanDisk,64GB,Extreme,Taiwan,32,Med,02:00:00,01:00:00,60,120,None,X,X,Sí,01/11/00,,,,,,,Voy a pasar datos y no tiene,
86,WH61-4 Bajada a Puerto Hondo,38.090233,-2.268175,Región de Murcia,Murcia,Gonzalo González Barberá,WH61,,Estación 4,Si,2474750763FAC1B7,BD_07,95,BIODAIVERSE,Audiomoth,v.1.2.0,09/03/25,,29/06/25,,09/03/25,18:05:00,19/04/25,21:06:00,41,9430,09/03/25,18:05:00,19/04/25,21:06:00,41,9430,"E.AGRÍCOLAS, 37.Mosaicos agropecuarios mediterráneos, 01.Arbolado 5-40%, 01.Matorral 0-25%","Dos pies de Pinus nigra de 5 m de altura y ramaje espeso, aislados dentro de campo de nogales.",E,37,E37,-99,-99,2,,DURACELL PLUS,SanDisk,64GB,Extreme,Taiwan,32,Med,02:00:00,01:00:00,60,120,None,X,X,Sí,01/11/00,,,,,,,,
87,"WH61-5 Barranco de Javanas, cabecera",38.088933,-2.242909,Región de Murcia,Murcia,Gonzalo González Barberá,WH61,,Estación 5,Si,243B1F0663FA58EC,BD_05,96,BIODAIVERSE,Audiomoth,v.1.2.0,09/03/25,,29/06/25,,09/03/25,18:05:00,28/04/25,20:26:00,50,11500,09/03/25,18:05:00,28/04/25,20:26:00,50,11500,"A.ARBOLADOS, 03.Pinares y Abetales densos, 02.Matorral +25%",Quercus rotundifolia de porte arbustivo (< 2m) y ramaje claro. En una zona de densidad baja de arbolado y en una pendiente elevada.,A,3,A3,-99,2,1.5,,DURACELL PLUS,SanDisk,64GB,Extreme,Taiwan,32,Med,02:00:00,01:00:00,60,120,None,X,X,Sí,01/11/00,,,,,,,,
56,Marzana_Atxondo,43.1195233,-2.584072,País Vasco,Vizcaya,Sergio Gallego Mazarias Mazarías,WN37,,Estación 2,No,243B1F02648702AF,SEO_040,65,SEO,Audiomoth,v.1.2.0,14/04/25,,01/07/25,,14/04/25,18:50:00,28/04/25,21:08:00,14,3220,14/04/25,18:50:00,28/04/25,21:08:00,14,3220,E540202,en el tronco del único haya ,E,54,E54,2,2,3.5,,DURACELL PLUS,SanDisk,64GB,Extreme,Taiwan,32,Med,02:00:00,01:00:00,60,120,None,X,X,Sí,01/11/00,,,Si,Si,Si,,,
